PARAMETER ASSIGNMENT,O-MSB,O-LSB,WORD,SUBF,SUPF,ONE LOGIC,ZERO LOGIC
SPARE,2,1,203,0,0,TBD,TBD
SPARE,12,11,63,0,0,TBD,TBD
EGPWS BIT 23,12,12,61,0,0,TBD,TBD
EGPWS BIT 22,11,11,61,0,0,TBD,TBD
SPARE,2,2,28,0,0,NA,NA
SPARE,2,2,228,0,0,NA,NA
SPARE,1,1,75,0,0,NA,NA
FMC MAP CHAR 3,8,2,256,3,4,ISO #5 CODE,ISO #5 CODE
FMC MAP CHAR 3,8,2,256,3,12,ISO #5 CODE,ISO #5 CODE
FMC MAP CHAR 2,8,2,256,3,5,ISO #5 CODE,ISO #5 CODE
FMC MAP CHAR 2,8,2,256,3,13,ISO #5 CODE,ISO #5 CODE
FMC MAP CHAR 1,8,2,256,3,6,ISO #5 CODE,ISO #5 CODE
FMC MAP CHAR 1,8,2,256,3,14,ISO #5 CODE,ISO #5 CODE
FMC MAP CHAR 6,8,2,256,3,1,ISO #5 CODE,ISO #5 CODE
FMC MAP CHAR 6,8,2,256,3,9,ISO #5 CODE,ISO #5 CODE
FMC MAP CHAR 5,8,2,256,3,10,ISO #5 CODE,ISO #5 CODE
FMC MAP CHAR 5,8,2,256,3,2,ISO #5 CODE,ISO #5 CODE
FMC MAP CHAR 4,8,2,256,3,11,ISO #5 CODE,ISO #5 CODE
FMC MAP CHAR 4,8,2,256,3,3,ISO #5 CODE,ISO #5 CODE
PROVISIONAL SPARE,8,2,256,3,7,TBD,TBD
PROVISIONAL SPARE,8,2,256,3,8,TBD,TBD
AUTO SLAT ENABLE - RT,2,2,79,4,0,ENABLE,ENABLE
ORIGIN CHARACTER #3,7,1,192,1,8,CODED,CODED
ORIGIN CHARACTER #2,7,1,192,1,9,CODED,CODED
ORIGIN CHARACTER #1,7,1,192,1,10,CODED,CODED
DESTINATION CHAR #1,7,1,192,1,14,CODED,CODED
ORIGIN CHARACTER #4,7,1,192,1,7,CODED,CODED
DESTINATION CHAR #4,7,1,192,1,11,CODED,CODED
DESTINATION CHAR #3,7,1,192,1,12,CODED,CODED
DESTINATION CHAR #2,7,1,192,1,13,CODED,CODED
FLT NUMBER CHAR #2,7,1,51,4,7,CODED,CODED
FLT NUMBER CHAR #1,7,1,51,4,6,CODED,CODED
FLT NUMBER CHAR #4,7,1,51,4,9,CODED,CODED
FLT NUMBER CHAR #3,7,1,51,4,8,CODED,CODED
FLT NUMBER CHAR #6,7,1,51,4,11,CODED,CODED
FLT NUMBER CHAR #5,7,1,51,4,10,CODED,CODED
FLT NUMBER CHAR #8,7,1,51,4,13,CODED,CODED
FLT NUMBER CHAR #7,7,1,51,4,12,CODED,CODED
N1 LIMIT MODE,2,1,175,0,0,CODED,CODED
N1 LIMIT MODE,2,1,174,0,0,CODED,CODED
CN1 ACCELEROMETER SOURCE,3,2,249,0,0,CODED,CODED
CN1 ACCELEROMETER SOURCE,3,2,121,0,0,CODED,CODED
CN2 ACCELEROMETER SOURCE,3,2,250,0,0,CODED,CODED
CN2 ACCELEROMETER SOURCE,3,2,122,0,0,CODED,CODED
TN1 ACCELEROMETER SOURCE,3,2,251,0,0,CODED,CODED
TN1 ACCELEROMETER SOURCE,3,2,123,0,0,CODED,CODED
TN2 ACCELEROMETER SOURCE,3,2,252,0,0,CODED,CODED
TN2 ACCELEROMETER SOURCE,3,2,124,0,0,CODED,CODED
FAN IMB ACCEL SOURCE,3,2,253,0,0,CODED,CODED
FAN IMB ACCEL SOURCE,3,2,125,0,0,CODED,CODED
LPT IMB ACCEL SOURCE,3,2,254,0,0,CODED,CODED
LPT IMB ACCEL SOURCE,3,2,126,0,0,CODED,CODED
PRE WINDSHEAR,12,11,20,0,0,CODED,CODED
ILS/MLS/GLS MODE SEL - L,8,5,53,2,0,CODED,CODED
MLS ANTENNA SOURCE,2,1,79,1,0,CODED,CODED
DATA BROADCAST MODE - L,12,11,52,1,0,CODED,CODED
GNSS MODE - L,10,9,52,1,0,CODED,CODED
GLS MODE - L,8,7,52,1,0,CODED,CODED
MLS MODE - L,6,5,52,1,0,CODED,CODED
ILS MODE - MMR-L,4,3,52,1,0,CODED,CODED
N1 LIMIT MODE CMD,5,3,191,0,0,CODED,CODED
ILS/MLS/GLS MODE SEL - R,8,5,53,4,0,CODED,CODED
MLS ANTENNA SOURCE,2,1,79,3,0,CODED,CODED
DATA BROADCAST MODE - R,12,11,52,3,0,CODED,CODED
GNSS MODE - R,10,9,52,3,0,CODED,CODED
GLS MODE - R,8,7,52,3,0,CODED,CODED
MLS MODE - R,6,5,52,3,0,CODED,CODED
ILS MODE - MMR-R,4,3,52,3,0,CODED,CODED
FMC SELECTED PRIMARY NAV SOURCE,8,1,188,0,0,CODED,CODED
DME DISPLAY BIT,12,12,119,2,4,CODED,CODED
LIGHT OFF REF/STATUS #2,12,11,213,1,0,CODED,CODED
STALL MODE STATUS #2,10,9,213,1,0,CODED,CODED
ENGINE PANEL MODE #2,12,9,213,3,0,CODED,CODED
SPEED REG #2,4,1,213,0,0,CODED,CODED
LIGHT OFF REF/STATUS #1,12,11,85,1,0,CODED,CODED
STALL MODE STATUS #1,10,9,85,1,0,CODED,CODED
ENGINE PANEL MODE #1,12,9,85,3,0,CODED,CODED
SPEED REG #1,4,1,85,0,0,CODED,CODED
LOB DU FORMAT,6,1,51,2,0,CODED,CODED
LIB DU FORMAT,12,7,51,3,0,CODED,CODED
CU DU FORMAT,6,1,51,3,0,CODED,CODED
ROB DU FORMAT,12,7,51,1,0,CODED,CODED
RIB DU FORMAT,6,1,51,1,0,CODED,CODED
CL DU FORMAT,12,7,51,2,0,CODED,CODED
ENG A/P TYPE CODE #1,12,10,51,4,1,CODED,CODED
N1 TRIM #1,7,5,51,4,1,CODED,CODED
ENGINE RATING #1,4,1,51,4,1,CODED,CODED
RANGE SELECT F/O,9,1,50,1,0,CODED,CODED
RANGE SELECT CAPT,9,1,50,2,0,CODED,CODED
ENG A/P TYPE CODE #2,12,10,51,4,2,CODED,CODED
N1 TRIM #2,7,5,51,4,2,CODED,CODED
ENGINE RATING #2,4,1,51,4,2,CODED,CODED
ENG POSITION CODE #1,2,1,256,4,8,CODED,CODED
DISPLAYED APP SOURCE - F/O,4,2,127,2,0,CODED,CODED
DISPLAYED APP SOURCE - F/O,4,2,127,4,0,CODED,CODED
DISPLAYED APP SOURCE - CAPT,4,2,127,1,0,CODED,CODED
DISPLAYED APP SOURCE - CAPT,4,2,127,3,0,CODED,CODED
ENG POSITION CODE #2,2,1,256,4,9,CODED,CODED
COWL TAI CONFIG CODE #1,12,11,119,3,0,CODED,CODED
WING TAI CONFIG CODE #1,10,8,119,3,0,CODED,CODED
ECS CONFIG CODE #1,7,4,119,3,0,CODED,CODED
N1 SET SELECT,12,10,50,2,0,CODED,CODED
COWL TAI CONFIG CODE #2,12,11,119,4,0,CODED,CODED
WING TAI CONFIG CODE #2,10,8,119,4,0,CODED,CODED
ECS CONFIG CODE #2,7,4,119,4,0,CODED,CODED
REF SPEED SELECT,12,10,50,1,0,CODED,CODED
ALTITUDE SELECT,2,1,225,0,0,CODED,CODED
SENSITIVITY LEVEL CONTROL,3,1,46,0,0,CODED,CODED
DOWN ADVISORY,9,7,46,0,0,CODED,CODED
UP ADVISORY,6,4,46,0,0,CODED,CODED
VERTICAL CONTROL,8,6,225,0,0,CODED,CODED
COMBINED CONTROL,10,8,63,0,0,CODED,CODED
COMBINED CONTROL,5,3,225,0,0,CODED,CODED
ADV ALT RATE,7,1,63,0,0,CODED,CODED
RI FIELD,12,9,225,0,0,CODED,CODED
TCAS SENSITIVITY LEVEL,12,10,46,0,0,CODED,CODED
DME DISPLAY BIT,12,12,119,2,2,CODED,CODED
SPARE SHUNT DISCRETE #B18,1,1,9,0,0,CODED,CODED
SPARE SERIES DISCRETE #B26,1,1,16,0,0,CODED,CODED
SPARE SERIES DISCRETE #B48,2,2,48,2,0,CODED,CODED
SPARE SERIES DISCRETE #B48,2,2,48,4,0,CODED,CODED
SPARE SERIES DISCRETE #B49,1,1,48,2,0,CODED,CODED
SPARE SERIES DISCRETE #B49,1,1,48,4,0,CODED,CODED
SPARE SERIES DISCRETE #B52,1,1,201,0,0,CODED,CODED
SPARE SERIES DISCRETE #B53,2,2,201,0,0,CODED,CODED
SPARE SERIES DISCRETE #B54,1,1,200,0,0,CODED,CODED
SPARE SERIES DISCRETE #B55,2,2,200,0,0,CODED,CODED
SPARE SERIES DISCRETE #B56,1,1,198,0,0,CODED,CODED
SPARE SERIES DISCRETE #B57,1,1,195,0,0,CODED,CODED
SPARE SERIES DISCRETE #B58,2,2,195,0,0,CODED,CODED
SPARE SERIES DISCRETE #B59,1,1,193,0,0,CODED,CODED
SPARE SERIES DISCRETE #B60,2,2,193,0,0,CODED,CODED
SPARE SERIES DISCRETE #B61,3,3,119,3,0,CODED,CODED
SPARE SERIES DISCRETE #B63,2,2,183,4,0,CODED,CODED
SPARE SERIES DISCRETE #B64,1,1,189,1,0,CODED,CODED
SPARE SERIES DISCRETE #B65,1,1,182,2,0,CODED,CODED
SPARE SERIES DISCRETE #B66,2,2,182,2,0,CODED,CODED
SPARE SERIES DISCRETE #B67,3,3,182,2,0,CODED,CODED
SPARE SERIES DISCRETE #B68,2,2,171,0,0,CODED,CODED
SPARE SERIES DISCRETE #B69,1,1,43,0,0,CODED,CODED
SPARE SERIES DISCRETE #B69,1,1,171,0,0,CODED,CODED
SPARE SERIES DISCRETE #B70,1,1,192,3,0,CODED,CODED
A/C TYPE LSB,6,6,256,4,1,CODED,CODED
A/C TYPE LSB+1,7,7,256,4,1,CODED,CODED
A/C TYPE LSB+2,8,8,256,4,1,CODED,CODED
A/C TYPE LSB+3,9,9,256,4,1,CODED,CODED
A/C TYPE LSB+4,10,10,256,4,1,CODED,CODED
A/C TYPE LSB+5,11,11,256,4,1,CODED,CODED
FLEET IDENT LSB,1,1,256,3,15,CODED,CODED
FLEET IDENT LSB + 1,2,2,256,3,15,CODED,CODED
FLEET IDENT LSB + 2,3,3,256,3,15,CODED,CODED
FLEET IDENT MSB,4,4,256,3,15,CODED,CODED
A/C NUMBER LSB,1,1,256,3,16,CODED,CODED
A/C NUMBER LSB + 1,2,2,256,3,16,CODED,CODED
A/C NUMBER LSB + 2,3,3,256,3,16,CODED,CODED
A/C NUMBER LSB + 3,4,4,256,3,16,CODED,CODED
A/C NUMBER LSB + 4,5,5,256,3,16,CODED,CODED
A/C NUMBER LSB + 5,6,6,256,3,16,CODED,CODED
A/C NUMBER LSB + 6,7,7,256,3,16,CODED,CODED
A/C NUMBER MSB,8,8,256,3,16,CODED,CODED
SPARE SHUNT DISCRETE #B111,1,1,184,0,0,CODED,CODED
SPARE SHUNT DISCRETE #B112,2,2,184,0,0,CODED,CODED
CONFIG SHUNT DISCRETE #B115,1,1,183,2,0,CODED,CODED
SPARE SHUNT DISCRETE #B116,2,2,183,2,0,CODED,CODED
SPARE SHUNT DISCRETE #B117,1,1,183,4,0,CODED,CODED
SPARE SHUNT DISCRETE #B118,1,1,125,0,0,CODED,CODED
SPARE SHUNT DISCRETE #B118,1,1,253,0,0,CODED,CODED
A/C TYPE MSB,12,12,256,4,1,CODED,CODED
MOTOR PWR APP FROM ASM 2,2,2,147,0,0,YES,NO
MOTOR PWR APP FROM ASM 1,1,1,147,0,0,YES,NO
A/T DISENGAGE,2,2,160,0,0,ENGAGED,NOT ENGAGE
A/T DISCONNECT SWITCH,12,12,160,0,0,ENGAGE,NOT ENGAGE
ARM,11,11,160,0,0,ARM,NOT ARM
GA,10,10,160,0,0,GA,NOT GA
MCP SPEED,9,9,160,0,0,MCP SPD,NOT MCP SPD
A/T LIMIT,8,8,160,0,0,THR LIMIT,NOT THR LIMT
FMC SPD,7,7,160,0,0,FMC SPD,NOT FMC SPD
N1 - A/T MODE,6,6,160,0,0,N1,NOT N1
RETARD,5,5,160,0,0,RETARD,NOT RETARD
NOISE ABATEMENT MODE,1,1,255,0,0,NOISE ABATEMENT,NOT
A/T ENGAGE,4,4,160,0,0,ENGAGE,NOT ENGA
MIN SPEED,3,3,160,0,0,MIN SPEED,NOT MIN SPD
ENGINE-OUT ENGAGED,3,3,48,2,0,ENGAGED,NOT ENGAGED
ENGINE-OUT ENGAGED,3,3,48,4,0,ENGAGED,NOT ENGAGED
TAKEOFF BUMP,12,12,188,0,0,BUMP,NORMAL
PMC-R ON,2,2,129,0,0,ON,OFF
PMC-L ON,1,1,129,0,0,ON,OFF
FMC VALID,1,1,52,0,0,FMC VALID,NOT
ASSUMED TEMP DERATE,11,11,188,0,0,DERATE,NORMAL
FIXED DERATE LVL 2,10,10,188,0,0,DERATE,NORMAL
FIXED DERATE LVL 1,9,9,188,0,0,DERATE,NORMAL
ENG OUT CLIMB GRAD (RESERVED),2,2,164,0,0,OPTIONAL,STANDARD
CUTBACK ENGAGED,1,1,164,0,0,ACTIVE,NOT ACTIVE
CUTBACK ARMED,2,2,187,0,0,ON,OFF
REDUCED (DERATE),1,1,176,0,0,ENABLED,DISABLED
AVM ALERT ENGINE 2,2,2,207,0,0,ALERT,NORMAL
AVM ALERT ENGINE 1,1,1,207,0,0,ALERT,NORMAL
AVM SYSTEM FAULT,1,1,113,0,0,FAULT,NORMAL
TERRAIN AHEAD,1,1,61,0,0,TRUE,FALSE
CAUTION WINDSHEAR,12,12,64,0,0,TRUE,FALSE
WINDSHEAR,11,11,64,0,0,TRUE,FALSE
TERRAIN AHEAD PULL UP,1,1,191,0,0,TRUE,FALSE
CAUTION TERRAIN,6,6,20,0,0,TRUE,FALSE
TERRAIN PULL UP,10,10,64,0,0,TRUE,FALSE
MINIMUMS,9,9,64,0,0,TRUE,FALSE
GLIDESLOPE,8,8,64,0,0,TRUE,FALSE
TOO LOW TERRAIN,7,7,64,0,0,TRUE,FALSE
TOO LOW FLAP,6,6,64,0,0,TRUE,FALSE
TOO LOW GEAR,5,5,64,0,0,TRUE,FALSE
DON'T SINK,4,4,64,0,0,TRUE,FALSE
TERRAIN,3,3,64,0,0,TRUE,FALSE
PULL UP,2,2,64,0,0,TRUE,FALSE
SINK RATE,1,1,64,0,0,TRUE,FALSE
TERRAIN DISP SEL F/O,10,10,20,0,0,TRUE,FALSE
TERRAIN DISP SEL CAPT,9,9,20,0,0,TRUE,FALSE
TERRAIN AWARE NOT AVAIL,10,10,61,0,0,TRUE,FALSE
TERRAIN AWARENESS INOP,7,7,61,0,0,TRUE,FALSE
TERRAIN CAUTION,8,8,20,0,0,TRUE,FALSE
TERRAIN WARNING,7,7,20,0,0,TRUE,FALSE
WINDSHEAR CAUTION,1,1,231,0,0,TRUE,FALSE
WINDSHEAR INOP,1,1,6,0,0,TRUE,FALSE
WINDSHEAR WARNING,6,6,61,0,0,TRUE,FALSE
GPWS INOP,5,5,61,0,0,TRUE,FALSE
GPWS WARNING,4,4,61,0,0,TRUE,FALSE
GPWS ALERT,3,3,61,0,0,TRUE,FALSE
GLIDESLOPE CANCEL,2,2,61,0,0,TRUE,FALSE
GPWC FAILURE,1,1,103,0,0,TRUE,FALSE
CAUTION OBSTACLE OR AHEAD,9,9,61,0,0,TRUE,FALSE
OBSTACLE WARNING,8,8,61,0,0,TRUE,FALSE
TERRAIN OVERRIDE,1,1,57,0,0,OVERRIDE,NORMAL
VMO/MMO ALTERNATE #4,2,2,47,0,0,YES,NO
VMO/MMO ALTERNATE #3,1,1,47,0,0,YES,NO
VMO/MMO ALTERNATE #2,2,2,67,0,0,YES,NO
VMO/MMO ALTERNATE #1,1,1,67,0,0,YES,NO
AOA FAIL,1,1,228,0,0,FAIL,NOT FAIL
OVERSPEED WARNING OUTPUT,1,1,172,0,0,ON,OFF
PRIMARY AOA HEAT,2,2,73,0,0,ON,OFF
TAT  HEAT,1,1,73,0,0,ON,OFF
RT STATIC HEAT,2,2,65,0,0,ON,OFF
LT PITOT HEAT,1,1,65,0,0,ON,OFF
ADR FAULT,2,2,75,0,0,FAIL,GOOD
GROUND EFFECT INOP,1,1,28,0,0,INOP,NORMAL
ADR AIR/GND LOGIC INVALID,1,1,39,0,0,FAIL,PASS
IR TO ADR DATA INVALID,2,2,148,0,0,FAIL,PASS
BARO 2 DATA INVALID,1,1,148,0,0,FAIL,PASS
BARO 1 DATA INVALID,2,2,84,0,0,FAIL,PASS
STATIC ADM DATA INVALID,1,1,84,0,0,FAIL,PASS
PITOT ADM DATA INVALID,2,2,83,0,0,FAIL,PASS
NO IR TO ADR DATA,1,1,83,0,0,FAIL,PASS
NO BARO 2 DATA,2,2,82,0,0,FAIL,PASS
NO BARO 1 DATA,1,1,82,0,0,FAIL,PASS
NO STATIC ADM DATA,2,2,163,0,0,FAIL,PASS
NO PITOT ADM DATA,1,1,163,0,0,FAIL,PASS
BARO 3 SIGNAL FAIL,1,1,70,0,0,FAIL,PASS
AOA SIGNAL FAIL,2,2,156,0,0,FAIL,PASS
TAT PROBE SIGNAL FAIL,1,1,156,0,0,FAIL,PASS
TEST/TUNE INHIBIT LOC,5,5,20,1,0,INHIBIT,NOT INHIBIT
TEST/TUNE INHIBIT LOC,5,5,20,3,0,INHIBIT,NOT INHIBIT
TEST/TUNE INHIBIT G/S,4,4,20,1,0,INHIBIT,NOT INHIBIT
TEST/TUNE INHIBIT G/S,4,4,20,3,0,INHIBIT,NOT INHIBIT
MLS DIRECT ANT SEL CMD ACK,1,1,79,2,0,CMD ACK,NOT ACK
GNSS OUTPUT CORRECTION - L (RESERVED),2,2,20,1,0,CORRECTED,UNCORRECTED
GNSS OUTPUT CORRECTION - L (RESERVED),2,2,20,3,0,CORRECTED,UNCORRECTED
SELECTED LANDING MODE STATUS,1,1,20,1,0,NOT FAILED,MODE FAIL
SELECTED LANDING MODE STATUS,1,1,20,3,0,NOT FAILED,MODE FAIL
STBY MODE - L,2,2,52,1,0,STANDBY,ACTIVE
LOCALIZER RECEIVER FAIL-L,4,4,53,2,0,FAILURE,OK
G/S RECEIVER FAILURE-L,1,1,53,1,0,FAILURE,OK
TUNING INPUT BUS ACTIVITY,3,3,20,1,0,INACTIVE,OK
TUNING INPUT BUS ACTIVITY,3,3,20,3,0,INACTIVE,OK
LOCALIZER ANTENNA FAIL-L,3,3,53,2,0,FAILURE,OK
G/S ANTENNA FAILURE-L,2,2,53,2,0,FAILURE,OK
ILS FAILURE - L,1,1,53,2,0,FAILURE,OK
MCP SPEED,2,2,158,0,0,MCP SPD ENG,NOT ENGA
L NAV ENGAGE,1,1,158,0,0,L NAV ENGA,NOT ENGA
V/S ARM,12,12,191,0,0,V/S ARM,NOT V/S ARM
VOR/LOC ARM,11,11,191,0,0,VOR/LOC ARM,NOT VOR/LOC ARM
G/S ARM,1,1,252,0,0,G/S ARM,NOT G/S ARM
FLARE ARM,1,1,124,0,0,FLARE ARM,NOT FLARE ARM
CWS ROLL,12,12,157,0,0,CWS ROLL,NOT ENGA
CWS PITCH,11,11,157,0,0,CWS PITCH,NOT ENGA
A/P OFF,10,10,157,0,0,F/D ONLY ON,ON
SINGLE CHANNEL,9,9,157,0,0,SINGLE CHL,NOT ENGA
TO/GA,8,8,157,0,0,TO/GA,NOT ENGA
V/S ENGAGE,7,7,157,0,0,V/S ENGAGE,NOT ENGA
ALT HOLD,6,6,157,0,0,ALT HLD ENG,NOT ENGA
ALT ACQUIRE,5,5,157,0,0,ALT ACQ ENG,NOT ENGA
HDG SELECT,4,4,157,0,0,HDG SEL ENG,NOT ENGA
VOR/LOC ENGAGE,3,3,157,0,0,VOR/LOC ENG,NOT ENGA
G/S ENGAGE,2,2,157,0,0,G/S ENGAGE,NOT ENGA
FLARE ENGAGE,1,1,157,0,0,FLARE ENGA,NOT ENGA
TEST DISPLAY CMD FCC-R,11,11,155,1,0,TEST,NO TEST
LOCAL LIMITED MASTER,1,1,24,0,0,SET,NOT SET
G/S DEV WARN,1,1,159,0,0,WARN,NOT WARN
LOC DEV WARN,12,12,158,0,0,WARN,NOT WARN
A/T SPEED WARN,11,11,158,0,0,WARN,NOT WARN
ILS DEV WARN,10,10,158,0,0,WARN,NOT WARN
VISUAL ALTITUDE ALERT,9,9,158,0,0,VIS ALRT ON,VIS ALRT OFF
CWS B,8,8,158,0,0,SELECTED,NOT SELECTED
CWS A,7,7,158,0,0,SELECTED,NOT SELECTED
CMD B,6,6,158,0,0,SELECTED,NOT SELECTED
CMD A,5,5,158,0,0,SELECTED,NOT SELECTED
F/D B ON,4,4,158,0,0,F/D SW ON,F/D SW OFF
F/D A ON,3,3,158,0,0,F/D SW ON,F/D SW OFF
V NAV SPD,10,10,191,0,0,V NAV SPD,NOT V NAV SPD
V NAV PATH,9,9,191,0,0,V NAV PATH,NOT V NAV PATH
CWS WARN,1,1,153,0,0,CWS WARN,NOT CWS WARN
IAS DISPLAY,2,2,150,0,0,DISPLAY IAS,DISP MACH
VERT SPD PB LITE,1,1,150,0,0,ON,OFF
V NAV PB LITE,12,12,159,0,0,ON,OFF
LEVEL CHANGE PB LITE,11,11,159,0,0,ON,OFF
ALT HOLD PB LITE,10,10,159,0,0,ON,OFF
N1 PB LITE,9,9,159,0,0,ON,OFF
SPD PB LITE,8,8,159,0,0,ON,OFF
APPROACH PB LITE,7,7,159,0,0,ON,OFF
HDG SEL PB LITE,6,6,159,0,0,ON,OFF
VOR/LOC PB LITE,5,5,159,0,0,ON,OFF
LNAV PB LITE,4,4,159,0,0,ON,OFF
B MASTER LIGHT,3,3,159,0,0,ON,OFF
A MASTER LIGHT,2,2,159,0,0,ON,OFF
GPS APPROACH,12,12,127,0,0,GPS APPROACH,NOT
IRNAV CAPABLE,11,11,127,0,0,IRNAV CAPABLE,NOT
BACKCOURSE ENGAGE,10,10,127,0,0,ENGAGED,NOT ENGAGED
BACKCOURSE ARM,9,9,127,0,0,ARMED,NOT ARMED
GP ENGAGE,8,8,127,0,0,GP ENGAGED,NOT ENGAGED
GP ARM,7,7,127,0,0,GP ARMED,NOT ARMED
FAC ENGAGE,6,6,127,0,0,FAC ENGAGED,NOT ENGAGED
FAC ARM,5,5,127,0,0,FAC ARM,NOT ARM
ROLLOUT ENGAGED,1,1,122,0,0,R/O ENGAGED ANNUN,NO ANNUN
ROLLOUT ARMED,1,1,123,0,0,R/O ARMED ANNUN,NO ANNUN
ACTIVE ALTITUDE REF,8,8,191,0,0,FMC ALT,MCP ALT
ALT ACQ,7,7,191,0,0,ALT ACQ ENGA,ENGA NOT
LOC ENGAGED,6,6,191,0,0,LOC ENGA,ENGA NOT
TOGA SW PRESSED,2,2,191,0,0,PRESSED,NOT PRESSED
ROLL MODE FAIL (ANNUN),1,1,251,0,0,ANNUN,NO ANNUN
PITCH MODE FAIL (ANNUN),1,1,250,0,0,ANNUN,NO ANNUN
LOC BEAM ANOM (ANNUN),12,12,255,0,0,ANNUN,NO ANNUN
G/S BEAM ANOM (ANNUN),11,11,255,0,0,ANNUN,NO ANNUN
NO GLS AUTOLAND (ADV),10,10,255,0,0,ADVISORY,NO ADVISORY
NO GLS LAND3 (ADV),9,9,255,0,0,ADVISORY,NO ADVISORY
NO ILS AUTOLAND (ADV),8,8,255,0,0,ADVISORY,NO ADVISORY
NO ILS LAND3 (ADV),7,7,255,0,0,ADVISORY,NO ADVISORY
NO AUTOLAND (ADV),6,6,255,0,0,ADVISORY,NO ADVISORY
NO LAND 3 (ADV),5,5,255,0,0,ADVISORY,NO ADVISORY
LAND 3 (PFD),4,4,255,0,0,LAND 3 ANNUN,NO ANNUN
LAND 2 (PFD),3,3,255,0,0,LAND 2 ANNUN,NO ANNUN
NO AUTOLAND (PFD),2,2,255,0,0,NO-AUTOLAND ANNUN,NO ANNUN
TEST/TUNE INHIBIT LOC,5,5,20,2,0,INHIBIT,NOT INHIBIT
TEST/TUNE INHIBIT LOC,5,5,20,4,0,INHIBIT,NOT INHIBIT
TEST/TUNE INHIBIT G/S,4,4,20,2,0,INHIBIT,NOT INHIBIT
TEST/TUNE INHIBIT G/S,4,4,20,4,0,INHIBIT,NOT INHIBIT
MLS DIRECT ANT SEL CMD ACK,1,1,79,4,0,CMD ACK,NOT ACK
GNSS OUTPUT CORRECTION - R (RESERVED),2,2,20,2,0,CORRECTED,UNCORRECTED
GNSS OUTPUT CORRECTION - R (RESERVED),2,2,20,4,0,CORRECTED,UNCORRECTED
SELECTED LANDING MODE STATUS,1,1,20,2,0,NOT FAILED,MODE FAIL
SELECTED LANDING MODE STATUS,1,1,20,4,0,NOT FAILED,MODE FAIL
STBY MODE - R,2,2,52,3,0,STANDBY,ACTIVE
LOCALIZER RECEIVER FAIL-R,4,4,53,4,0,FAILURE,OK
G/S RECEIVER FAILURE-R,1,1,53,3,0,FAILURE,OK
TUNING INPUT BUS ACTIVITY,3,3,20,2,0,INACTIVE,OK
TUNING INPUT BUS ACTIVITY,3,3,20,4,0,INACTIVE,OK
LOCALIZER ANTENNA FAIL-R,3,3,53,4,0,FAILURE,OK
G/S ANTENNA FAILURE-R,2,2,53,4,0,FAILURE,OK
ILS FAILURE - R,1,1,53,4,0,FAILURE,OK
ILS MODE - VOR-R,1,1,56,4,0,ILS,VOR
MB FAILURE - R,3,3,48,3,0,FAILURE,OK
INPUT DATA - R,2,2,48,3,0,INACTIVE,OK
VOR FAILURE - R,1,1,48,3,0,FAILURE,OK
ILS MODE - VOR-L,1,1,56,2,0,ILS,VOR
INNER MARKER (3000 HZ),1,1,167,0,0,PRESENT,NOT PRESENT
MIDDLE MARKER (1300 HZ),2,2,166,0,0,PRESENT,NOT PRESENT
OUTER MARKER (400 HZ),1,1,166,0,0,PRESENT,NOT PRESENT
MB FAILURE - L,3,3,48,1,0,FAILURE,OK
INPUT DATA - L,2,2,48,1,0,INACTIVE,OK
VOR FAILURE - L,1,1,48,1,0,FAILURE,OK
STICK SHAKER - LT,2,2,72,0,0,ACTIVATED,NOT ACTIVATE
AUTO SLAT ENABLE - LT,2,2,79,2,0,ENABLE,NOT ENABLE
YAW DAMPER ENGAGE,2,2,102,0,0,ENGAGE,NOT ENGAGE
YAW DAMPER ENGAGE,2,2,230,0,0,ENGAGE,NOT ENGAGE
SOLENOID ENGAGE,2,2,104,0,0,ENGAGE,NOT ENGAGE
AUTO SLAT CMD - LT,1,1,33,0,0,COMMAND,NOT COMMAND
AUTO SLAT VALID - LT,2,2,141,0,0,VALID,NOT VALID
ELEV FEEL SYS CMD,1,1,187,0,0,COMMAND,NOT CMD
L NAV MODE OPER,1,1,158,0,0,L NAV ENGA,NOT ENGA
TEST DISPLAY CMD FCC-L,12,12,155,1,0,TEST,NO TEST
LOCAL LIMITED MASTER,2,2,24,0,0,SET,NOT SET
DME R ANTENNA FAILURE,1,1,216,0,0,FAILURE,OK
DME RT FAILURE,1,1,180,0,0,FAILURE,OK
FAULT DISPATCH LVL A #1 (EEC),2,2,115,0,0,MMEL DISP,NORMAL
EEC HARD ALTN MODE SEL #1,10,10,85,2,0,HARD ALTN,NORMAL MODE
EEC SOFT ALTN MODE SEL #1,9,9,85,2,0,SOFT ALTN,NORMAL MODE
APPROACH IDLE SEL #1,1,1,115,0,0,APPR IDLE,MIN IDLE
A/C ON GND SEL EEC #1,5,5,85,0,0,GND,AIR
EEC CHANNEL IN CTRL #1,1,1,111,0,0,IN CONTROL,NOT IN CTRL
RT T/R INTRANSIT,2,2,217,0,0,INTRANSIT,NOT INTRANSIT
RT T/R DEPLOYED,1,1,217,0,0,DEPLOYED,STOWED
LT T/R INTRANSIT,2,2,218,0,0,INTRANSIT,NOT INTRANSIT
LT T/R DEPLOYED,1,1,218,0,0,DEPLOYED,STOWED
BRAKE TEMP OVERHEAT LT,2,2,9,0,0,ON,OFF
FAULT DISPATCH LVL A #2 (EEC),2,2,243,0,0,MMEL DISP,NORMAL
EEC HARD ALTN MODE SEL #2,10,10,213,2,0,HARD ALTN,NORMAL MODE
EEC SOFT ALTN MODE SEL #2,9,9,213,2,0,SOFT ALTN,NORMAL MODE
APPROACH IDLE SEL #2,1,1,243,0,0,APPR IDLE,MIN IDLE
A/C ON GND SEL EEC #2,5,5,213,0,0,GND,AIR
EEC CHANNEL IN CTRL #2,1,1,239,0,0,IN CONTROL,NOT IN CTRL
EGT START REDLINE EXC #1,2,2,113,0,0,ALERT,NORMAL
LOW OIL PRESS CAUTION #1,2,2,117,0,0,ALERT,NORMAL
ENG HOT START DETECTED #1,2,2,111,0,0,HOT START,NORMAL
EGT AMBER LIMIT EXC #1,2,2,112,0,0,ALERT,NORMAL
EGT REDLINE EXC #1,1,1,112,0,0,ALERT,NORMAL
N2 REDLINE EXC #1,1,1,117,0,0,ALERT,NORMAL
N1 REDLINE EXC #1,2,2,110,0,0,ALERT,NORMAL
FUEL FILTER IMP BYPASS #1,2,2,118,0,0,IMP BYPASS,NORMAL
OIL FILTER IMP BYPASS #1,1,1,118,0,0,IMP BYPASS,NORMAL
OIL PRES AMB LIMIT ENG #1,2,2,120,0,0,ALERT,NORMAL
OIL PRES REDLINE RANGE #1,1,1,120,0,0,ALERT,NORMAL
OIL TEMP AMB LIMIT EXC #1,2,2,119,0,0,ALERT,NORMAL
OIL TEMP REDLINE EXC #1,1,1,119,0,0,ALERT,NORMAL
RT EGT START REDLINE,12,12,187,2,0,TRUE,FALSE
RT EGT START REDLINE,12,12,187,4,0,TRUE,FALSE
RT LOW OIL PRESS CAUT,11,11,187,2,0,TRUE,FALSE
RT LOW OIL PRESS CAUT,11,11,187,4,0,TRUE,FALSE
RT ENG HOT START DETECT,10,10,187,2,0,TRUE,FALSE
RT ENG HOT START DETECT,10,10,187,4,0,TRUE,FALSE
RT EGT NORM AMB LIMIT,9,9,187,2,0,TRUE,FALSE
RT EGT NORM AMB LIMIT,9,9,187,4,0,TRUE,FALSE
RT EGT NORM REDLINE,8,8,187,2,0,TRUE,FALSE
RT EGT NORM REDLINE,8,8,187,4,0,TRUE,FALSE
RT N2 REDLINE EXC,7,7,187,2,0,TRUE,FALSE
RT N2 REDLINE EXC,7,7,187,4,0,TRUE,FALSE
RT N1 REDLINE EXC,6,6,187,2,0,TRUE,FALSE
RT N1 REDLINE EXC,6,6,187,4,0,TRUE,FALSE
RT FUEL FILTER IMP BY,5,5,187,2,0,TRUE,FALSE
RT FUEL FILTER IMP BY,5,5,187,4,0,TRUE,FALSE
RT LOW OIL PRESS AMB,4,4,187,2,0,TRUE,FALSE
RT LOW OIL PRESS AMB,4,4,187,4,0,TRUE,FALSE
RT LOW OIL PRESS RED,3,3,187,2,0,TRUE,FALSE
RT LOW OIL PRESS RED,3,3,187,4,0,TRUE,FALSE
RT OIL PRESS REDLINE,1,1,241,2,0,TRUE,FALSE
RT OIL PRESS REDLINE,1,1,241,4,0,TRUE,FALSE
RT OIL TEMP AMB LIMIT,2,2,244,2,0,TRUE,FALSE
RT OIL TEMP AMB LIMIT,2,2,244,4,0,TRUE,FALSE
RT OIL TEMP REDLINE,1,1,244,2,0,TRUE,FALSE
RT OIL TEMP REDLINE,1,1,244,4,0,TRUE,FALSE
LT EGT START REDLINE,12,12,59,2,0,TRUE,FALSE
LT EGT START REDLINE,12,12,59,4,0,TRUE,FALSE
LT LOW OIL PRESS CAUT,11,11,59,2,0,TRUE,FALSE
LT LOW OIL PRESS CAUT,11,11,59,4,0,TRUE,FALSE
LT ENG HOT START DETECT,10,10,59,2,0,TRUE,FALSE
LT ENG HOT START DETECT,10,10,59,4,0,TRUE,FALSE
LT EGT NORM AMB LIMIT,9,9,59,2,0,TRUE,FALSE
LT EGT NORM AMB LIMIT,9,9,59,4,0,TRUE,FALSE
LT EGT NORM REDLINE,8,8,59,2,0,TRUE,FALSE
LT EGT NORM REDLINE,8,8,59,4,0,TRUE,FALSE
LT N2 REDLINE EXC,7,7,59,2,0,TRUE,FALSE
LT N2 REDLINE EXC,7,7,59,4,0,TRUE,FALSE
LT N1 REDLINE EXC,6,6,59,2,0,TRUE,FALSE
LT N1 REDLINE EXC,6,6,59,4,0,TRUE,FALSE
LT FUEL FILTER IMP BY,5,5,59,2,0,TRUE,FALSE
LT FUEL FILTER IMP BY,5,5,59,4,0,TRUE,FALSE
LT LOW OIL PRESS AMB,4,4,59,2,0,TRUE,FALSE
LT LOW OIL PRESS AMB,4,4,59,4,0,TRUE,FALSE
LT LOW OIL PRESS RED,3,3,59,2,0,TRUE,FALSE
LT LOW OIL PRESS RED,3,3,59,4,0,TRUE,FALSE
LT OIL PRESS REDLINE,1,1,241,1,0,TRUE,FALSE
LT OIL PRESS REDLINE,1,1,241,3,0,TRUE,FALSE
LT OIL TEMP AMB LIMIT,2,2,244,1,0,TRUE,FALSE
LT OIL TEMP AMB LIMIT,2,2,244,3,0,TRUE,FALSE
LT OIL TEMP REDLINE,1,1,244,1,0,TRUE,FALSE
LT OIL TEMP REDLINE,1,1,244,3,0,TRUE,FALSE
EGT START REDLINE EXC #2,2,2,241,0,0,ALERT,NORMAL
LOW OIL PRESS CAUTION #2,2,2,245,0,0,ALERT,NORMAL
ENG HOT START DETECTED #2,2,2,239,0,0,HOT START,NORMAL
EGT AMBER LIMIT EXC #2,2,2,240,0,0,ALERT,NORMAL
EGT REDLINE EXC #2,1,1,240,0,0,ALERT,NORMAL
N2 REDLINE EXC #2,1,1,245,0,0,ALERT,NORMAL
N1 REDLINE EXC #2,2,2,238,0,0,ALERT,NORMAL
FUEL FILTER IMP BYPASS #2,2,2,246,0,0,IMP BYPASS,NORMAL
OIL FILTER IMP BYPASS #2,1,1,246,0,0,IMP BYPASS,NORMAL
OIL PRES AMB LIMIT ENG #2,2,2,248,0,0,ALERT,NORMAL
OIL PRES REDLINE RANGE #2,1,1,248,0,0,ALERT,NORMAL
OIL TEMP AMB LIMIT EXC #2,2,2,247,0,0,ALERT,NORMAL
OIL TEMP REDLINE EXC #2,1,1,247,0,0,ALERT,NORMAL
ROLLBACK OVERTEMP ACT #1,8,8,85,0,0,ACTIVE,NORMAL
FLAMEOUT PROTECTION ACT 1,7,7,85,0,0,RECOVER ACT,NORMAL
NO ENG LIGHTOFF DECT #1,6,6,85,0,0,NO LIGHTOFF,NORMAL
115VAC UNAVAIL TO R IGN 1,1,1,56,1,0,UNAVAILABLE,NORMAL
115VAC UNAVAIL TO L IGN 1,3,3,186,1,0,UNAVAILABLE,NORMAL
RT IGN (#2) CMD ON #1,12,12,85,2,0,ON,OFF
LT IGN (#2) CMD ON #1,11,11,85,2,0,ON,OFF
TFC SELECTED F/O,6,6,227,2,0,SELECT,NOT SEL
CENTER DISP FORMAT F/O,5,5,227,2,0,SELECT,NOT SEL
VOR RT SELECTED F/O,3,3,227,2,0,SELECT,NOT SEL
ADF RT SELECTED F/O,2,2,227,2,0,SELECT,NOT SEL
HEADING UP MAP FMT F/O,1,1,227,2,0,SELECT,NOT SEL
AIRPORTS SELECTED F/O,12,12,227,1,0,SELECT,NOT SEL
ROUTE DATA SELECTED F/O,11,11,227,1,0,SELECT,NOT SEL
WAY POINT SELECTED F/O,10,10,227,1,0,SELECT,NOT SEL
GND STA DATA SEL F/O,9,9,227,1,0,SELECT,NOT SEL
POSITION DATA SEL F/O,8,8,227,1,0,SELECT,NOT SEL
VOR LT SELECTED F/O,7,7,227,1,0,SELECT,NOT SEL
ADF LT SELECTED F/O,6,6,227,1,0,SELECT,NOT SEL
PFD/ND DISPLAY FMT F/O,5,5,227,1,0,SELECT,NOT SEL
PLAN MODE SELECTED F/O,4,4,227,1,0,SELECT,NOT SEL
APPROACH MODE SEL F/O,3,3,227,1,0,SELECT,NOT SEL
VOR MODE SELECTED F/O,2,2,227,1,0,SELECT,NOT SEL
MAP MODE SELECTED F/O,1,1,227,1,0,SELECT,NOT SEL
TFC SELECTED CAPT,12,12,227,2,0,SELECT,NOT SEL
CENTER DISP FORMAT CAPT,11,11,227,2,0,SELECT,NOT SEL
VOR RT SELECTED CAPT,9,9,227,2,0,SELECT,NOT SEL
ADF RT SELECTED CAPT,8,8,227,2,0,SELECT,NOT SEL
HEADING UP MAP FMT CAPT,7,7,227,2,0,SELECT,NOT SEL
AIRPORTS SELECTED CAPT,12,12,227,3,0,SELECT,NOT SEL
ROUTE DATA SEL CAPT,11,11,227,3,0,SELECT,NOT SEL
WAY POINT SELECTED CAPT,10,10,227,3,0,SELECT,NOT SEL
GND STA DATA SEL CAPT,9,9,227,3,0,SELECT,NOT SEL
POSITION DATA SEL CAPT,8,8,227,3,0,SELECT,NOT SEL
VOR LT SELECTED CAPT,7,7,227,3,0,SELECT,NOT SEL
ADF LT SELECTED CAPT,6,6,227,3,0,SELECT,NOT SEL
PFD/ND DISPLAY FMT CAPT,5,5,227,3,0,SELECT,NOT SEL
PLAN MODE SELECTED CAPT,4,4,227,3,0,SELECT,NOT SEL
APPROACH MODE SEL CAPT,3,3,227,3,0,SELECT,NOT SEL
VOR MODE SELECTED CAPT,2,2,227,3,0,SELECT,NOT SEL
MAP MODE SELECTED CAPT,1,1,227,3,0,SELECT,NOT SEL
ROLLBACK OVERTEMP ACT #2,8,8,213,0,0,ACTIVE,NORMAL
FLAMEOUT PROTECTION ACT 2,7,7,213,0,0,RECOVER ACT,NORMAL
NO ENG LIGHTOFF DECT #2,6,6,213,0,0,NO LIGHTOFF,NORMAL
115VAC UNAVAIL TO R IGN 2,1,1,56,3,0,UNAVAILABLE,NORMAL
115VAC UNAVAIL TO L IGN 2,3,3,186,2,0,UNAVAILABLE,NORMAL
RT IGN (#2) CMD ON #2,12,12,213,2,0,ON,OFF
LT IGN (#2) CMD ON #2,11,11,213,2,0,ON,OFF
5C/7B ENG MODEL TYPE #1,9,9,51,4,1,7B,5C
SAC/DAC ENG CONFIG #1,8,8,51,4,1,DAC,SAC
MDA SELECTED F/O,4,4,227,2,0,SELECT,NOT SEL
GPWC V1 CALLOUT ENABLE FO,6,6,227,4,0,TRUE,FALSE
FPV SELECTED F/O,5,5,227,4,0,TRUE,FALSE
METERS SELECTED F/O,4,4,227,4,0,TRUE,FALSE
HPA SELECTED F/O,3,3,227,4,0,TRUE,FALSE
HG SELECTED F/O,2,2,227,4,0,TRUE,FALSE
EGPWS DISP SEL F/O,12,12,50,3,0,SELECT,NOT SEL
WXR SELECTED F/O,1,1,227,4,0,TRUE,FALSE
MDA SELECTED CAPT,10,10,227,2,0,SELECT,NOT SEL
RA HEALTH,3,3,119,4,0,TRUE,FALSE
GPWC V1 CALLOUT ENABLE C,12,12,227,4,0,TRUE,FALSE
FPV SELECTED CAPT,11,11,227,4,0,TRUE,FALSE
METERS SELECTED CAPT,10,10,227,4,0,TRUE,FALSE
HPA SELECTED CAPT,9,9,227,4,0,TRUE,FALSE
HG SELECTED CAPT,8,8,227,4,0,TRUE,FALSE
EGPWS DISP SEL CAPT,12,12,50,4,0,SELECT,NOT SEL
WXR SELECTED CAPT,7,7,227,4,0,TRUE,FALSE
5C/7B ENG MODEL TYPE #2,9,9,51,4,2,7B,5C
SAC/DAC ENG CONFIG #2,8,8,51,4,2,DAC,SAC
LOB DISPLAY UNIT DRIVEN,2,2,236,3,0,ONSIDE,OFFSIDE
LIB DISPLAY UNIT DRIVEN,1,1,106,1,0,ONSIDE,OFFSIDE
CU DISPLAY UNIT DRIVEN,1,1,106,3,0,ONSIDE,OFFSIDE
CL DISPLAY UNIT DRIVEN,2,2,108,1,0,ONSIDE,OFFSIDE
RIB DISPLAY UNIT DRIVEN,2,2,108,3,0,ONSIDE,OFFSIDE
ROB DISPLAY UNIT DRIVEN,2,2,236,1,0,ONSIDE,OFFSIDE
EEC TEMP OVER LIMIT #1,11,11,85,4,0,TRUE,FALSE
ALTERNATOR FAULT #1,2,2,155,4,0,FAULT,NORMAL
EEC CROSS CHAN FAULT #1,2,2,155,3,0,FAULT,NORMAL
EEC CHANNEL FAULT #1,2,2,155,1,0,FAULT,NORMAL
FWD THR #1 LMT BY T/R POS,9,9,85,4,0,THRUST LMT,NORMAL
REV THR #1 LMT BY T/R POS,10,10,85,4,0,THRUST LMT,NORMAL
T/R INTRANSIT #1,2,2,109,0,0,INTRANSIT,NOT INTRANS
T/R FULL DEPLOY #1,1,1,109,0,0,FULL DEPLOY,NOT DEPLOYED
T/R SOL INTERLK ENERG #1,1,1,110,0,0,REV INTERLK,NORMAL
FUEL QTY IMBALANCE TANK 2,2,2,19,0,0,TRUE,FALSE
LOW FUEL QTY TANK 2,1,1,19,0,0,TRUE,FALSE
RT ENGINE FAIL,1,1,11,0,0,FAIL,NORMAL
RT STARTER VLV OPEN,3,3,244,0,0,TRUE,FALSE
FUEL CONFIGURATION ALERT,2,2,13,0,0,TRUE,FALSE
FUEL QTY IMBALANCE TANK 1,1,1,13,0,0,TRUE,FALSE
LOW FUEL QTY TANK 1,1,1,12,0,0,TRUE,FALSE
CAPT DISPLAY MAG/TRUE REF,2,2,35,0,0,MAG,TRUE
LT ENGINE FAIL,2,2,11,0,0,FAIL,NORMAL
LT STARTER VLV OPEN,3,3,116,0,0,TRUE,FALSE
CDS MAINT MSG DEU-1,1,1,160,0,0,TRUE,FALSE
CDS FAULT MSG DEU-1,2,2,234,0,0,TRUE,FALSE
EEC TEMP OVER LIMIT #2,11,11,213,4,0,TRUE,FALSE
ALTERNATOR FAULT #2,2,2,183,3,0,FAULT,NORMAL
EEC CROSS CHAN FAULT #2,1,1,182,3,0,FAULT,NORMAL
EEC CHANNEL FAULT #2,2,2,182,3,0,FAULT,NORMAL
FWD THR #2 LMT BY T/R POS,9,9,213,4,0,THRUST LMT,NORMAL
REV THR #2 LMT BY T/R POS,10,10,213,4,0,THRUST LMT,NORMAL
T/R INTRANSIT #2,2,2,237,0,0,INTRANSIT,NOT INTRANS
T/R FULL DEPLOY #2,1,1,237,0,0,FULL DEPLOY,NOT DEPLOYED
T/R SOL INTERLK ENERG #2,1,1,238,0,0,REV INTERLK,NORMAL
BSV DEMANDED CLOSED #1,2,2,114,0,0,CLOSE,OPEN
BSV POSITION STATUS #1,1,1,114,0,0,CLOSE,OPEN
SECONDARY ENGINE PUSHBUTTON,11,11,50,3,0,SELECT,NOT SEL
DSM CAPT LOWER SPARE,10,10,50,3,0,SELECT,NOT SEL
DSM CAPT LOWER ND,9,9,50,3,0,SELECT,NOT SEL
DSM CAPT LOWER NORM,8,8,50,3,0,SELECT,NOT SEL
DSM CAPT LOWER ENG,7,7,50,3,0,SELECT,NOT SEL
DSM CAPT INBD PFD,6,6,50,3,0,SELECT,NOT SEL
DSM CAPT INBD ENG,5,5,50,3,0,SELECT,NOT SEL
DSM CAPT INBD MFD,4,4,50,3,0,SELECT,NOT SEL
DSM CAPT NORM,3,3,50,3,0,SELECT,NOT SEL
DSM CAPT OUTBD PFD,2,2,50,3,0,SELECT,NOT SEL
CANCEL/RECALL,1,1,50,3,0,SELECT,NOT SEL
BSV DEMANDED CLOSED #2,2,2,242,0,0,CLOSE,OPEN
BSV POSITION STATUS #2,1,1,242,0,0,CLOSE,OPEN
TAT INHIBIT FLAG #1,12,12,85,4,0,TRUE,FALSE
PT TAXI INHIBIT #1,1,1,126,0,0,TRUE,FALSE
SYS PUSHBUTTON,11,11,50,4,0,SELECT,NOT SEL
DSM F/O LOWER SPARE,10,10,50,4,0,SELECT,NOT SEL
DSM F/O LOWER ND,9,9,50,4,0,SELECT,NOT SEL
DSM F/O LOWER NORM,8,8,50,4,0,SELECT,NOT SEL
DSM F/O LOWER ENG,7,7,50,4,0,SELECT,NOT SEL
DSM F/O INBD PFD,6,6,50,4,0,SELECT,NOT SEL
DSM F/O INBD ENG,5,5,50,4,0,SELECT,NOT SEL
DSM F/O INBD MFD,4,4,50,4,0,SELECT,NOT SEL
DSM F/O NORM,3,3,50,4,0,SELECT,NOT SEL
DSM F/O OUTBD PFD,2,2,50,4,0,SELECT,NOT SEL
COMM (RESERVED),1,1,50,4,0,SELECT,NOT SEL
TAT INHIBIT FLAG #2,12,12,213,4,0,TRUE,FALSE
PT TAXI INHIBIT #2,1,1,254,0,0,TRUE,FALSE
ECS ISOLATION VALVE,12,12,129,0,0,OPEN,CLOSED
WING ANTI-ICE SWITCH,11,11,129,0,0,ON,OFF
ENG 2 COWL ANTI-ICE SW,10,10,129,0,0,ON,OFF
ENG 1 COWL ANTI-ICE SW,9,9,129,0,0,ON,OFF
RT ECS PACK FLOW,8,8,129,0,0,OFF/HIGH,LOW
LT ECS PACK FLOW,7,7,129,0,0,OFF/HIGH,LOW
RT ECS PACK ON,6,6,129,0,0,ON,OFF
LT ECS PACK ON,5,5,129,0,0,ON,OFF
ENGINE 1 BLEED SWITCH,4,4,129,0,0,ON,OFF
ENGINE 2 BLEED SWITCH,3,3,129,0,0,ON,OFF
MDA HIGH ALTITUDE OPTION - F/O,8,8,51,4,9,SELECTED,NOT SELECTED
MDA HIGH ALTITUDE OPTION - CAPT,8,8,51,4,8,SELECTED,NOT SELECTED
FPV SELECTED F/O,5,5,227,4,0,SELECT,NOT SEL
METERS SELECTED F/O,4,4,227,4,0,SELECT,NOT SEL
HPA SELECTED F/O,3,3,227,4,0,SELECT,NOT SEL
HG SELECTED F/O,2,2,227,4,0,SELECT,NOT SEL
WXR SELECTED F/O,1,1,227,4,0,SELECT,NOT SEL
FPV SELECTED CAPT,11,11,227,4,0,SELECT,NOT SEL
METERS SELECTED CAPT,10,10,227,4,0,SELECT,NOT SEL
HPA SELECTED CAPT,9,9,227,4,0,SELECT,NOT SEL
HG SELECTED CAPT,8,8,227,4,0,SELECT,NOT SEL
WXR SELECTED CAPT,7,7,227,4,0,SELECT,NOT SEL
LOB DISPLAY UNIT DRIVEN,2,2,236,4,0,ONSIDE,OFFSIDE
LIB DISPLAY UNIT DRIVEN,1,1,106,2,0,ONSIDE,OFFSIDE
CU DISPLAY UNIT DRIVEN,1,1,106,4,0,ONSIDE,OFFSIDE
CL DISPLAY UNIT DRIVEN,2,2,108,2,0,ONSIDE,OFFSIDE
RIB DISPLAY UNIT DRIVEN,2,2,108,4,0,ONSIDE,OFFSIDE
ROB DISPLAY UNIT DRIVEN,2,2,236,2,0,ONSIDE,OFFSIDE
CDS MAINT MSG DEU-2,1,1,161,0,0,TRUE,FALSE
CDS FAULT MSG DEU-2,1,1,234,0,0,TRUE,FALSE
SPI,5,5,48,0,0,IDENT ON,IDENT OFF
ALTITUDE REPORTING,4,4,48,0,0,OFF,ON
TCAS SYSTEM STATUS,2,2,235,0,0,FAILURE,NORMAL
TCAS COMPUTER UNIT,1,1,235,0,0,FAILURE,OK
STICK SHAKER - RT,1,1,72,0,0,ACTIVATED,NOT ACTIVATE
YAW DAMPER ENGAGE,1,1,102,0,0,ENGAGE,NOT ENGAGE
YAW DAMPER ENGAGE,1,1,230,0,0,ENGAGE,NOT ENGAGE
SOLENOID ENGAGE,1,1,104,0,0,ENGAGE,NOT ENGAGE
AUTO SLAT CMD - RT,2,2,33,0,0,COMMAND,NOT COMMAND
AUTO SLAT VALID - RT,1,1,141,0,0,VALID,NOT VALID
AUTOSLAT CMD,4,4,190,0,0,TRUE,FALSE
RX LBL 206 ACTIVITY INV,4,4,256,4,5,INVALID,VALID
RX LBL 206 PARITY INV,3,3,256,4,5,INVALID,VALID
RX LBL 206 SSM INV,2,2,256,4,5,INVALID,VALID
AIR GND ON GND,1,1,256,4,5,GROUND,AIR
ALTERNATE ARM,4,4,33,0,0,ALTERNATE,PRIMARY
T.E. BYPASS VALVE POSN,3,3,33,0,0,BYPASS,NORMAL
ASYMMETRY ENABLE,2,2,256,4,11,ENABLED,DISABLED
FSEU FAULT,1,1,35,0,0,TRUE,FALSE
LT EXC INVALID,2,2,190,0,0,INVALID,VALID
RT EXC INVALID,1,1,190,0,0,INVALID,VALID
ECS,3,3,256,4,11,TE FLAPS GT,TE FLAPS UP
RUD PRESS LIMIT,1,1,30,0,0,LIMIT,NORMAL
TAKEOFF WARNING,1,1,80,0,0,WARNING,NORMAL
TE FLAP LOAD RELIEF,3,3,190,0,0,LOAD RELIEF,NORMAL
LE CRUISE DEP,2,2,146,0,0,TRUE,FALSE
LE UCM SHUTOFF,1,1,146,0,0,TRUE,FALSE
TE FLAPS BYPASS RELAY,12,12,190,0,0,BYPASS,NORMAL
TE FLAP SKEW 1 TO 8,11,11,190,0,0,SKEW,NORMAL
TE FLAP SKEW 2 TO 7,10,10,190,0,0,SKEW,NORMAL
TE FLAP SKEW 3 TO 6,9,9,190,0,0,SKEW,NORMAL
TE FLAP SKEW 4 TO 5,8,8,190,0,0,SKEW,NORMAL
SPLIT LT NEEDLE,7,7,190,0,0,TRUE,FALSE
SPLIT RT NEEDLE,6,6,190,0,0,TRUE,FALSE
SPLIT NEEDLE CW,5,5,190,0,0,TRUE,FALSE
LE SLAT 1 EXTEND,12,12,31,0,0,TRUE,FALSE
LE SLAT 1 FULL EXTEND,11,11,31,0,0,TRUE,FALSE
LE SLAT 1 INTRANSIT,10,10,31,0,0,TRUE,FALSE
LE SLAT 2 EXTEND,9,9,31,0,0,TRUE,FALSE
LE SLAT 2 FULL EXTEND,8,8,31,0,0,TRUE,FALSE
LE SLAT 2 INTRANSIT,7,7,31,0,0,TRUE,FALSE
LE SLAT 3 EXTEND,6,6,31,0,0,TRUE,FALSE
LE SLAT 3 FULL EXTEND,5,5,31,0,0,TRUE,FALSE
LE SLAT 3 INTRANSIT,4,4,31,0,0,TRUE,FALSE
LE SLAT 4 EXTEND,3,3,31,0,0,TRUE,FALSE
LE SLAT 4 FULL EXTEND,2,2,31,0,0,TRUE,FALSE
LE SLAT 4 INTRANSIT,1,1,31,0,0,TRUE,FALSE
LE FLAP 1 EXTEND,12,12,33,0,0,TRUE,FALSE
LE FLAP 1 INTRANSIT,11,11,33,0,0,TRUE,FALSE
LE FLAP 2 EXTEND,10,10,33,0,0,TRUE,FALSE
LE FLAP 2 INTRANSIT,9,9,33,0,0,TRUE,FALSE
LE SLAT 5 EXTEND,12,12,32,0,0,TRUE,FALSE
LE SLAT 5 FULL EXTEND,11,11,32,0,0,TRUE,FALSE
LE SLAT 5 INTRANSIT,10,10,32,0,0,TRUE,FALSE
LE SLAT 6 EXTEND,9,9,32,0,0,TRUE,FALSE
LE SLAT 6 FULL EXTEND,8,8,32,0,0,TRUE,FALSE
LE SLAT 6 INTRANSIT,7,7,32,0,0,TRUE,FALSE
LE SLAT 7 EXTEND,6,6,32,0,0,TRUE,FALSE
LE SLAT 7 FULL EXTEND,5,5,32,0,0,TRUE,FALSE
LE SLAT 7 INTRANSIT,4,4,32,0,0,TRUE,FALSE
LE SLAT 8 EXTEND,3,3,32,0,0,TRUE,FALSE
LE SLAT 8 FULL EXTEND,2,2,32,0,0,TRUE,FALSE
LE SLAT 8 INTRANSIT,1,1,32,0,0,TRUE,FALSE
LE FLAP 3 EXTEND,8,8,33,0,0,TRUE,FALSE
LE FLAP 3 INTRANSIT,7,7,33,0,0,TRUE,FALSE
LE FLAP 4 EXTEND,6,6,33,0,0,TRUE,FALSE
LE FLAP 4 INTRANSIT,5,5,33,0,0,TRUE,FALSE
LE MASTER EXTEND,2,2,29,0,0,TRUE,FALSE
LE MASTER INTRANSIT,1,1,29,0,0,TRUE,FALSE
LE UCM (UNCOMMANDED MOTION),1,1,256,4,11,WARNING,NORMAL
LRRA L RECEIVE ANTENNA,1,1,249,0,0,FAILURE,OK
LRRA L TRANSMIT ANTENNA,1,1,206,0,0,FAILURE,OK
LRRA LT FAILURE,1,1,116,0,0,FAILURE,OK
LRRA R RECEIVE ANTENNA,1,1,121,0,0,FAILURE,OK
LRRA R TRANSMIT ANTENNA,2,2,206,0,0,FAILURE,OK
LRRA RT FAILURE,2,2,116,0,0,FAILURE,OK
RUD LANE CMD MISTRK L,2,2,41,0,0,FAULT,NO FAULT
RUD AMP MONITOR L,2,2,42,0,0,AMP FAILED,AMP OKAY
LOCAL RUD ENGAGE L,1,1,41,0,0,ENGAGED,DISENGAGED
ENGAGE INTERFACE FAULT L,1,1,42,0,0,FAULT,NO FAULT
RUD POS FAULT,2,2,43,0,0,FAULT,NO FAULT
FCC IN CMD OF MACH TRIM,2,2,97,0,0,NOT SELECTED,SELECTED
MACH TRIM SERVO BRK STAT,2,2,99,0,0,BRAKE OFF,BRAKE ON
RUD LANE CMD MISTRK R,2,2,169,0,0,FAULT,NO FAULT
RUD AMP MONITOR R,2,2,170,0,0,AMP FAILED,AMP OKAY
LOCAL RUD ENGAGE R,1,1,169,0,0,ENGAGED,DISENGAGED
ENGAGE INTERFACE FAULT R,1,1,170,0,0,FAULT,NO FAULT
FCC IN CMD OF MACH TRIM,1,1,97,0,0,NOT SELECTED,SELECTED
MACH TRIM SERVO BRK STAT,1,1,99,0,0,BRAKE OFF,BRAKE ON
DME L ANTENNA FAILURE,2,2,216,0,0,FAILURE,OK
DME LT FAILURE,2,2,180,0,0,FAILURE,OK
AD/IR FAULT,1,1,25,0,0,NO ADC DATA,NORMAL
EXCESS MOTION ERROR,2,2,22,0,0,EXCESSIVE V,NORMAL
NO IR INITIALIZATION,1,1,22,0,0,REQ LAT/LON,NORMAL
ALIGN FAULT,2,2,100,0,0,FAIL ALIGN,NORMAL
DC FAIL/ON DC,2,2,36,0,0,DC FAIL,NORMAL
IR FAULT,2,2,38,0,0,NON CRIT FL,NORMAL
ADC FAULT,2,2,189,1,0,INVALID ADC,NORMAL
ON DC,1,1,36,0,0,ON DC PWR,ON AC PWR
DC FAIL,1,1,38,0,0,NO DC PWR,NORMAL
ATTITUDE INVALID,2,2,189,2,0,IR FAULT,NORMAL
SET HEADING,2,2,44,0,0,REQST HEAD,NORMAL
NAV MODE,1,1,44,0,0,NAV MODE,NORMAL
REV ATTITUDE MODE,2,2,45,0,0,REV MODE,NORMAL
ALIGN MODE/NOT READY,1,1,45,0,0,ALIGN MODE,NORMAL
AUTONAV REALIGN,1,1,140,0,0,CORR APPLY,NO CORR APP
IR A/C IDENT CODE INVALID,2,2,25,0,0,FAIL,PASS
GPIRU/IRU SELECT (RESERVED),1,1,100,0,0,GPS ACTIVE,GPS INACTIVE
APU LOW OIL QTY,1,1,155,0,0,TRUE,FALSE
BLEED VALVE OPEN,2,2,154,0,0,OPEN,NOT OPEN
APU ANY FAULT DETECTED,2,2,153,0,0,FAULT,NORMAL
APU ON,1,1,154,0,0,ON,OFF
BLEED AIR SWITCH,2,2,152,0,0,ON,OFF
READY TO LOAD,1,1,152,0,0,RTL,NOT RTL
GLIDESLOPE DEV-HUD,12,12,179,1,0,EXCEED,NOT EXCEED
LOCALIZER DEV-HUD,11,11,179,1,0,EXCEED,NOT EXCEED
CROSSTRACK RATE<9FT/SEC,10,10,179,1,0,EXCEED,NOT EXCEED
VERTICAL DEV-HUD,9,9,179,1,0,EXCEED,NOT EXCEED
ABSOLUTE AIRSPEED ERROR,8,8,179,1,0,EXCEED,NOT EXCEED
AVERAGE AIRSPEED ERROR,7,7,179,1,0,EXCEED,NOT EXCEED
CROSSTRACK RATE-LAT POS>0,6,6,179,1,0,EXCEED,NOT EXCEED
CROSSTRACK RATE-LAT POS<0,5,5,179,1,0,EXCEED,NOT EXCEED
CROSSTRACK RATE<8FT/SEC,4,4,179,1,0,EXCEED,NOT EXCEED
LAT POS<35FT,3,3,179,1,0,EXCEED,NOT EXCEED
LAT POS>35FT,2,2,179,1,0,EXCEED,NOT EXCEED
LAT POS<45/40FT,1,1,179,1,0,EXCEED,NOT EXCEED
LONG POS<2250FT,12,12,179,2,0,EXCEED,NOT EXCEED
VERTICAL SPEED DEV-HUD,11,11,179,2,0,EXCEED,NOT EXCEED
FLARE CMND NOT INITATED,10,10,179,2,0,SET,NOT SET
GUIDANCE CUE/FLT PATH DEV,9,9,179,2,0,EXCEED,NOT EXCEED
VERTICAL SPEED>-12FT/SEC,8,8,179,2,0,EXCEED,NOT EXCEED
ABS ROLL<6DEG,7,7,179,2,0,EXCEED,NOT EXCEED
HUD IN USE COMBINER POSN,1,1,54,0,0,HUD IN USE,STOWED
HUD INST METEORO COND,2,2,55,0,0,ACTIVE,NOT ACTIVE
HUD VISUAL METEORO COND,1,1,55,0,0,ACTIVE,NOT ACTIVE
XX   HUD AIII CAPABILITY,6,6,179,2,0,CAPABLE,NOT CAPABLE
XX   CLR (CLEAR) SUBMODE,4,4,179,2,0,ACTIVE,NOT ACTIVE
XX   HUD APPROACH WARNING,3,3,179,2,0,SET,NOT SET
XX   LOW-VISIBILITY TAKEOFF,2,2,179,2,0,SET,NOT SET
XX   HUD HGS BIT FAULT,2,2,54,0,0,FAULT,NOT FAULT
EVENT MARKER (RESV),1,1,144,0,0,NO EVENT,EVENT
A/P WARN CAPT,11,11,78,0,0,NO WARN,WARN
VHF LT KEYING,1,1,210,0,0,NOT KEYED,KEYED
VHF RT KEYING,2,2,210,0,0,NOT KEYED,KEYED
VHF CENTER KEYING,1,1,208,0,0,NOT KEYED,KEYED
MASTER CAUTION,2,2,78,0,0,NO WARN,WARN
HF-LT KEYING,1,1,211,0,0,NOT KEYED,KEYED
HF-RT KEYING,2,2,211,0,0,NOT KEYED,KEYED
RT GEAR DOWN,1,1,77,0,0,UP,DOWN
IRS SELECT SW - CAPT,2,2,181,2,0,R IRU,L IRU
LT MAIN GEAR AIR/GND,2,2,5,0,0,GROUND,AIR
LT MAIN GEAR AIR/GND,2,2,69,0,0,GROUND,AIR
LT MAIN GEAR AIR/GND,2,2,133,0,0,GROUND,AIR
LT MAIN GEAR AIR/GND,2,2,197,0,0,GROUND,AIR
RT MAIN GEAR AIR/GND,1,1,5,0,0,GROUND,AIR
RT MAIN GEAR AIR/GND,1,1,69,0,0,GROUND,AIR
RT MAIN GEAR AIR/GND,1,1,133,0,0,GROUND,AIR
RT MAIN GEAR AIR/GND,1,1,197,0,0,GROUND,AIR
AUTO BRAKE APPLIED,1,1,86,0,0,AUTO BRK,NO AUTO BRK
GROUND SPOILER/SPD BRK,1,1,92,0,0,< 750 PSI,> 750 PSI
GROUND SPOILER/SPD BRK,1,1,220,0,0,< 750 PSI,> 750 PSI
FLT CONT A HYD LOW PRESS,1,1,3,0,0,LOW PRESS,NORMAL
FLT CONT A HYD LOW PRESS,1,1,131,0,0,LOW PRESS,NORMAL
FLT CONT B HYD LOW PRESS,2,2,3,0,0,LOW PRESS,NORMAL
FLT CONT B HYD LOW PRESS,2,2,131,0,0,LOW PRESS,NORMAL
LT GEAR DOWN,2,2,77,0,0,UP,DOWN
NOSE GEAR DOWN,1,1,76,0,0,UP,DOWN
TRIM UP MANUAL,2,2,137,0,0,TRIM,NO TRIM
28 VDC STDBY BUS SECT 2,1,1,88,0,0,ON,OFF
28 VDC BAT BUS SECT 2,2,2,88,0,0,ON,OFF
28 VDC BUS 2 SECT 3,1,1,89,0,0,ON,OFF
28 VDC BUS 1 SECT 2,2,2,89,0,0,ON,OFF
28 VDC HOT BAT BUS,1,1,90,0,0,ON,OFF
TRIM DOWN - A/P,1,1,139,0,0,TRIM,NO TRIM
28 VDC SW HOT BAT BUS S 1,2,2,90,0,0,ON,OFF
WHEEL WELL FIRE,3,3,78,0,0,FIRE,NO FIRE
MAIN DECK CARGO SMOKE,1,1,134,0,0,NO SMOKE,SMOKE
APU FIRE,4,4,78,0,0,FIRE,NO FIRE
TRIM UP - A/P,2,2,139,0,0,TRIM,NO TRIM
TRIM DOWN MANUAL,1,1,137,0,0,TRIM,NO TRIM
ENGINE 1 CUTOFF,2,2,107,0,0,CUTOFF,RUN
ENGINE 2 CUTOFF,1,1,107,0,0,CUTOFF,RUN
AIR/GROUND,2,2,7,0,0,AIR,GROUND
AIR/GROUND,2,2,71,0,0,AIR,GROUND
AIR/GROUND,2,2,135,0,0,AIR,GROUND
AIR/GROUND,2,2,199,0,0,AIR,GROUND
HYD SYS A ENG - 1,1,1,26,0,0,NORMAL,LO PRESS
HYD SYS B ENG - 2,2,2,26,0,0,NORMAL,LO PRESS
HYD SYS A ELEC,1,1,173,0,0,NORMAL,LO PRESS
HYD SYS B ELEC,2,2,173,0,0,NORMAL,LO PRESS
HYD SYS STBY,1,1,214,0,0,NORMAL,LO PRESS
RT GEAR RED WARN,5,5,78,0,0,NO WARN,WARN
NOSE GEAR RED WARN,6,6,78,0,0,NO WARN,WARN
AUTO SPD BRAKE EXTEND CMD,1,1,205,0,0,EXT,NOT EXT
SPEED BRAKE ARMED LIGHT,2,2,205,0,0,LIGHT NOT ON,LIGHT ON
SPD BRK DO NOT ARM LIGHT,1,1,204,0,0,LIGHT NOT ON,LIGHT ON
STBY RUD VALVE POS,2,2,92,0,0,OPEN,CLOSED
STBY RUD VALVE POS,2,2,220,0,0,OPEN,CLOSED
ROLL TRIM CMD R WING DOWN,1,1,18,0,0,TRIM,NO TRIM
ROLL TRIM CMD L WING DOWN,2,2,18,0,0,TRIM,NO TRIM
YAW TRIM CMD LT,2,2,232,0,0,TRIM,NO TRIM
YAW TRIM CMD RT,1,1,232,0,0,TRIM,NO TRIM
115 VAC STDBY BUS SECT 2,1,1,236,0,0,ON,OFF
115 VAC XFR BUS 2,1,1,108,0,0,ON,OFF
SMOKE AFT CARGO,1,1,59,0,0,NOT SMOKE,SMOKE
SMOKE FWD CARGO,2,2,59,0,0,NOT SMOKE,SMOKE
MAIN/ALT BRAKE SELECT,2,2,86,0,0,MAIN,ALTN
MAIN/ALT BRAKE SELECT,2,2,214,0,0,MAIN,ALTN
SAT COMM #1 KEYING,1,1,212,0,0,NOT KEYED,KEYED
SAT COMM #2 KEYING,2,2,212,0,0,NOT KEYED,KEYED
A/T WARN F/O,7,7,78,0,0,NO WARN,WARN
A/T WARN CAPT,7,7,78,0,0,NO WARN,WARN
NOSE GEAR AIR/GND,1,1,7,0,0,GROUND,AIR
NOSE GEAR AIR/GND,1,1,71,0,0,GROUND,AIR
NOSE GEAR AIR/GND,1,1,135,0,0,GROUND,AIR
NOSE GEAR AIR/GND,1,1,199,0,0,GROUND,AIR
ENG #2 FIRE,8,8,78,0,0,FIRE,NO FIRE
ENG #1 FIRE,9,9,78,0,0,FIRE,NO FIRE
LT GEAR RED WARN,10,10,78,0,0,NO WARN,WARN
CABIN ALTITUDE > 10kft,1,1,78,0,0,NO WARN,WARN
A/P WARN F/O,11,11,78,0,0,NO WARN,WARN
FMC SELECT SW - CAPT,1,1,181,2,0,L FMC,R FMC
LAVATORY SMOKE,12,12,78,0,0,NO SMOKE,SMOKE
CUSTOMER UNIQUE FRAME,1,1,181,4,0,NOT UNIQUE,UNIQUE
CUSTOMER UNIQUE FRAME,1,1,256,4,4,NOT UNIQUE,UNIQUE
