PARAMETER ASSIGNMENT,SIGN,O-MSB,O-LSB,WORD,SUBF,SUPF,UNIT,OUT RANGE,OUT RES,ACCURACY
THROTTLE RATE CMD #2,S,12,3,427,0,0,DEG/SEC ,+/-16,0.03125,N/A
THROTTLE RATE CMD #1,S,12,3,171,0,0,DEG/SEC ,+/-16,0.03125,N/A
THR SERVO MOTOR TACH #2,,12,3,299,0,0,DEG/SEC ,0-16,0.015625,N/A
THR SERVO MOTOR TACH #1,,12,3,43,0,0,DEG/SEC ,0-16,0.015625,N/A
THR TORQUE #2,S,12,4,363,0,0,IN-OZ,+/-32,0.125,N/A
THR TORQUE #1,S,12,4,107,0,0,IN-OZ,+/-32,0.125,N/A
DISTANCE TO GO (WPT),,7,5,496,3,8,NM,0-7000,1000,
DISTANCE TO GO (WPT),,4,1,496,3,8,NM,0-900,100,
DISTANCE TO GO (WPT) - LSD,,12,9,499,4,0,NM,0-90,10,
DISTANCE TO GO (WPT) - LSD,,8,5,499,4,0,NM,0-9,1,
DISTANCE TO GO (WPT) - LSD,,4,1,499,4,0,NM,0-0.9,0.1,
DESTINATION ETA HOURS,,7,5,256,2,3,HR,0-70,10,
DESTINATION ETA HOURS,,4,1,256,2,3,HR,0-9,1,
DESTINATION ETA MINUTES,,12,9,499,2,0,MIN,0-50,10,
DESTINATION ETA MINUTES,,8,5,499,2,0,MIN,0-9,1,
DESTINATION ETA MINUTES,,4,1,499,2,0,MIN,0-0.9,0.1,
GROSS WEIGHT,,12,1,456,1,6,LBS,0-327680,80,N/A
FMC ALTITUDE SELECTED,,12,1,97,0,0,FT,0-65536,16,50
FMC AIRSPEED SELECTED,,12,2,108,0,0,KT,0-512,0.25,0.5
VERT SPEED CMD,S,12,1,60,0,0,FT/MIN,+/-16384,8,40
FMC MACH SELECTED,,12,1,48,0,0,MACH,0-4.096,0.001,N/A
GMT HRSX10,,12,10,496,3,2,HR,0-70,10,
GMT HRSx1.0,,12,9,496,3,1,HR,0-9,1,
GMT MINx10,,12,9,256,2,8,MIN,0-50,10,
GMT MINx1.0,,12,9,256,2,7,MIN,0-9,1,
GMT MINx0.1,,12,9,256,2,6,MIN,0-0.9,0.1,
RSVD FOR GMT,,12,8,256,2,4,,NA,0,
RSVD FOR GMT,,6,1,256,2,5,,NA,0,
RSVD FOR GMT,,12,7,256,2,5,,NA,0,
FMC STATIC AIR TEMP,S,12,3,249,3,0,DEG C,+/-128,0.25,+/-1
FMC SELECTED TEMP,S,12,3,249,1,0,DEG C,+/-128,0.25,+/-1
DISTANCE TO GO,,12,1,257,4,6,NM,0-4096,1,N/A
FLIGHT NUMBER MSDigit,,11,8,61,3,14,X 1000,0-9,1,
FLIGHT NUMBER LSDigit + 2,,11,8,61,3,13,X 100,0-9,1,
FLIGHT NUMBER LSDigit + 1,,11,8,61,3,12,X 10,0-9,1,
FLIGHT NUMBER LSDigit,,11,8,61,3,11,X 1,0-9,1,
NDB EFFECTIVITY DAY,,7,6,61,3,15,DAYS,0-30,10,
NDB EFFECTIVITY DAY,,5,2,61,3,15,DAYS,0-9,1,
NDB EFFECTIVITY MONTH,,10,10,61,3,16,MON,0-10,10,
NDB EFFECTIVITY MONTH,,11,8,61,3,15,MON,0-1,1,
NDB EFFECTIVITY YEAR,,9,6,61,3,16,YR,0-10,10,
NDB EFFECTIVITY YEAR,,5,2,61,3,16,YR,0-9,1,
TARGET N1 #2,,12,3,368,0,0,%RPM,0-128,0.125,0.015625
TARGET N1 #1,,12,3,112,0,0,%RPM,0-128,0.125,0.015625
N1 BUG DRIVE ENG 2,,12,1,67,2,0,%RPM,0-128,0.03125,+/-0.3
N1 BUG DRIVE ENG 2,,12,1,67,4,0,%RPM,0-128,0.03125,+/-0.3
N1 BUG DRIVE ENG 1,,12,1,67,1,0,%RPM,0-128,0.03125,+/-0.3
N1 BUG DRIVE ENG 1,,12,1,67,3,0,%RPM,0-128,0.03125,+/-0.3
CN1 (FAN) VIB R,,12,4,318,0,0,SCALAR,0-5.12,0.01,N/A
CN1 (FAN) VIB L,,12,4,62,0,0,SCALAR,0-5.12,0.01,N/A
CN2 (HPC) VIB R,,12,4,319,0,0,SCALAR,0-5.12,0.01,N/A
CN2 (HPC) VIB L,,12,4,63,0,0,SCALAR,0-5.12,0.01,N/A
TN1 (LPT) VIB R,,12,4,320,0,0,SCALAR,0-5.12,0.01,N/A
TN1 (LPT) VIB L,,12,4,64,0,0,SCALAR,0-5.12,0.01,N/A
TN2 (HPT) VIB R,,12,4,321,0,0,SCALAR,0-5.12,0.01,N/A
TN2 (HPT) VIB L,,12,4,65,0,0,SCALAR,0-5.12,0.01,N/A
FAN IMBALANCE ANGLE R,,12,4,342,0,0,DEG,0-512,1,N/A
FAN IMBALANCE ANGLE L,,12,4,86,0,0,DEG,0-512,1,N/A
LPT IMBALANCE ANGLE R,,12,4,470,0,0,DEG,0-512,1,N/A
LPT IMBALANCE ANGLE L,,12,4,214,0,0,DEG,0-512,1,N/A
ALTITUDE (1013.25mB) MSH,S,12,3,46,0,0,FT,+/-65536,128,+/-15 to +/- 80
ALTITUDE (1013.25mB) MSH,S,12,3,174,0,0,FT,+/-65536,128,+/-15 to +/- 80
ALTITUDE (1013.25mB) MSH,S,12,3,302,0,0,FT,+/-65536,128,+/-15 to +/- 80
ALTITUDE (1013.25mB) MSH,S,12,3,430,0,0,FT,+/-65536,128,+/-15 to +/- 80
ALTITUDE (1013.25mB) LSH,S,12,3,47,0,0,FT,+/-512,1,+/-15 to +/- 80
ALTITUDE (1013.25mB) LSH,S,12,3,175,0,0,FT,+/-512,1,+/-15 to +/- 80
ALTITUDE (1013.25mB) LSH,S,12,3,303,0,0,FT,+/-512,1,+/-15 to +/- 80
ALTITUDE (1013.25mB) LSH,S,12,3,431,0,0,FT,+/-512,1,+/-15 to +/- 80
BARO COR ALT NO. 1,S,12,1,371,0,0,FT,+/-65536,32,+/-15 to +/- 80
MACH,,12,3,432,0,0,MACH,0-1.024,0.001,SEE ADIRU ICD
COMPUTED AIRSPEED,,12,2,44,0,0,KT,0-512,0.25,+/-4 to +/-1
COMPUTED AIRSPEED,,12,2,172,0,0,KT,0-512,0.25,+/-4 to +/-1
COMPUTED AIRSPEED,,12,2,300,0,0,KT,0-512,0.25,+/-4 to +/-1
COMPUTED AIRSPEED,,12,2,428,0,0,KT,0-512,0.25,+/-4 to +/-1
MAX ALLOWABLE AIRSPEED,,12,1,492,1,0,KT,0-1024,0.25,+/-1
TOTAL AIR TEMP,S,12,3,208,0,0,DEG C,+/-128,0.25,+/-0.5
BARO COR ALT NO. 2,S,12,1,434,0,0,FT,+/-65536,32,+/-15 to +/- 80
BARO COR (in HG) #1 /MSD,,12,10,239,0,0,inHg,0-40.95,10,
BARO COR (in HG) #1 /LSD+3,,9,6,239,0,0,inHg,0-40.95,1,
BARO COR (in HG) #1 /LSD+2,,5,2,239,0,0,inHg,0-40.95,0.1,
BARO COR (in HG) #1 /LSD+1,,12,9,238,0,0,inHg,0-40.95,0.01,
BARO COR (in HG) #1 /LSD,,8,5,238,0,0,inHg,0-40.95,0.001,
BARO COR (in HG) #2 /MSD,,12,10,495,0,0,inHg,0-40.95,10,
BARO COR (in HG) #2 /LSD+3,,9,6,495,0,0,inHg,0-40.95,1,
BARO COR (in HG) #2 /LSD+2,,5,2,495,0,0,inHg,0-40.95,0.1,
BARO COR (in HG) #2 /LSD+1,,12,9,494,0,0,inHg,0-40.95,0.01,
BARO COR (in HG) #2 /LSD,,8,5,494,0,0,inHg,0-40.95,0.001,
BARO COR ALT NO. 3,S,12,1,188,2,0,FT,+/-65536,32,+/-15 to +/- 80
BARO COR ALT NO. 4,S,12,1,188,4,0,FT,+/-65536,32,+/-15 to +/- 80
XX  ILS FREQ/GLS CHNL - MSD-L,,12,2,247,0,0,MHZ,0-179.9,0.1,
XX  ILS FREQ/GLS CHNL - LSD-L,,12,9,246,0,0,MHZ,0-0.09,0.01,
XX  LOCALIZER DEV/AZIMUTH-L,S,12,3,54,0,0,DDM,+/-0.4,0.00078125,+/-0.003
XX  LOCALIZER DEV/AZIMUTH-L,S,12,3,310,0,0,DDM,+/-0.4,0.00078125,+/-0.003
GLIDESLOPE DEV/ELEVATION-L,S,12,3,55,0,0,DDM,+/-0.8,0.0015625,+/-0.0065
GLIDESLOPE DEV/ELEVATION-L,S,12,3,311,0,0,DDM,+/-0.8,0.0015625,+/-0.0065
GMT HOURS,,12,8,256,1,0,HR,0-32,1,N/A
GMT MINUTES,,7,2,256,1,0,MIN,0-64,1,N/A
GMT SECONDS,,6,1,257,1,0,SEC,0-64,1,N/A
DAY X10,,7,6,257,4,4,DAYS,0-30,10,
DAY X 1,,5,2,257,4,4,DAYS,0-9,1,
MONTH X10,,12,12,257,4,4,MON,0-10,10,
MONTH X 1,,11,8,257,4,4,MON,0-9,1,
YEAR X10,,12,9,257,4,5,YR,0-90,10,
YEAR X 1,,8,5,257,4,5,YR,0-9,1,
TARGET AIRSPEED,,12,2,236,0,0,KT,0-512,0.25,
SELECTED COURSE #2 - LOCAL,S,12,3,156,0,0,DEG,+/-180,0.3515625,N/A
SELECTED HEADING,S,12,3,28,0,0,DEG,+/-180,0.3515625,N/A
SELECTED ALTITUDE,,12,1,353,0,0,FT,0-65536,16,N/A
SELECTED AIRSPEED,,12,2,364,0,0,KT,512,0.25,N/A
SELECTED VERTICAL SPEED BNR,S,12,1,316,0,0,FT/MIN,+/-32768,16,N/A
SELECTED MACH,,12,3,304,0,0,MACH,1.024,0.001,N/A
SELECTED COURSE #1 - FOREIGN,S,12,3,412,0,0,DEG,+/-180,0.3515625,N/A
FLIGHT DIRECTOR ROLL - R,S,12,3,276,0,0,DEG,+/- 180,0.3512,N/A
FLIGHT DIRECTOR PITCH - R,S,12,3,404,0,0,DEG,+/- 180,0.3512,N/A
SPOILER POSITION NO. 4,S,12,1,29,0,0,DEG,+/-90,0.04394531,N/A
SPOILER POSITION NO. 4,S,12,1,93,0,0,DEG,+/-90,0.04394531,N/A
SPOILER POSITION NO. 4,S,12,1,157,0,0,DEG,+/-90,0.04394531,N/A
SPOILER POSITION NO. 4,S,12,1,221,0,0,DEG,+/-90,0.04394531,N/A
SPOILER POSITION NO. 4,S,12,1,285,0,0,DEG,+/-90,0.04394531,N/A
SPOILER POSITION NO. 4,S,12,1,349,0,0,DEG,+/-90,0.04394531,N/A
SPOILER POSITION NO. 4,S,12,1,413,0,0,DEG,+/-90,0.04394531,N/A
SPOILER POSITION NO. 4,S,12,1,477,0,0,DEG,+/-90,0.04394531,N/A
SPOILER POSITION NO. 9,S,12,1,31,0,0,DEG,+/-90,0.04394531,N/A
SPOILER POSITION NO. 9,S,12,1,95,0,0,DEG,+/-90,0.04394531,N/A
SPOILER POSITION NO. 9,S,12,1,159,0,0,DEG,+/-90,0.04394531,N/A
SPOILER POSITION NO. 9,S,12,1,223,0,0,DEG,+/-90,0.04394531,N/A
SPOILER POSITION NO. 9,S,12,1,287,0,0,DEG,+/-90,0.04394531,N/A
SPOILER POSITION NO. 9,S,12,1,351,0,0,DEG,+/-90,0.04394531,N/A
SPOILER POSITION NO. 9,S,12,1,415,0,0,DEG,+/-90,0.04394531,N/A
SPOILER POSITION NO. 9,S,12,1,479,0,0,DEG,+/-90,0.04394531,N/A
XX  ILS FREQ/GLS CHNL - MSD-R,,12,2,503,0,0,MHZ,0-179.9,0.1,
XX  ILS FREQ/GLS CHNL - LSD-R,,12,9,502,0,0,MHZ,0-0.09,0.01,
XX  LOCALIZER DEV/AZIMUTH-R,S,12,3,56,0,0,DDM,+/-0.4,0.00078125,+/-0.003
XX  LOCALIZER DEV/AZIMUTH-R,S,12,3,312,0,0,DDM,+/-0.4,0.00078125,+/-0.003
GLIDESLOPE DEV/ELEVATION-R,S,12,3,57,0,0,DDM,+/-0.8,0.0015625,+/-0.0065
GLIDESLOPE DEV/ELEVATION-R,S,12,3,313,0,0,DDM,+/-0.8,0.0015625,+/-0.0065
VOR FREQUENCY-RT,,12,2,504,0,0,MHz,108- 117.95,0.05,
VOR FREQUENCY-LT,,12,2,248,0,0,MHz,108- 117.95,0.05,
RUD POS-LVDT DEMOD-MAIN PCU,S,12,3,100,0,0,DEG,+/-5,0.009765625,N/A
RUD POS-LVDT DEMOD-MAIN PCU,S,12,3,228,0,0,DEG,+/-5,0.009765625,N/A
RUD POS-LVDT DEMOD-MAIN PCU,S,12,3,356,0,0,DEG,+/-5,0.009765625,N/A
RUD POS-LVDT DEMOD-MAIN PCU,S,12,3,484,0,0,DEG,+/-5,0.009765625,N/A
RUD SERVO CMD-MAIN PCU  BNR,S,12,3,36,0,0,DEG,+/-5,0.009765625,N/A
RUD SERVO CMD-MAIN PCU  BNR,S,12,3,164,0,0,DEG,+/-5,0.009765625,N/A
RUD SERVO CMD-MAIN PCU  BNR,S,12,3,292,0,0,DEG,+/-5,0.009765625,N/A
RUD SERVO CMD-MAIN PCU  BNR,S,12,3,420,0,0,DEG,+/-5,0.009765625,N/A
ANGLE OF ATTACK (INDICATED) - L,S,12,3,73,0,0,DEG,+/-90,0.17578125,N/A
ANGLE OF ATTACK (INDICATED) - L,S,12,3,201,0,0,DEG,+/-90,0.17578125,N/A
ANGLE OF ATTACK (INDICATED) - L,S,12,3,329,0,0,DEG,+/-90,0.17578125,N/A
ANGLE OF ATTACK (INDICATED) - L,S,12,3,457,0,0,DEG,+/-90,0.17578125,N/A
STICK SHAKER SPEED,,12,3,257,2,0,KT,0-512,0.5,N/A
FC MIN OPERATING SPD,,12,3,249,2,0,KT,0-512,0.5,N/A
HIGH SPD BUFFET SPD,,12,3,249,4,0,KT,0-512,0.5,N/A
SELECTED COURSE #1 - LOCAL,S,12,3,156,0,0,DEG,+/-180,0.3515625,N/A
SELECTED COURSE #2 - FOREIGN,S,12,3,412,0,0,DEG,+/-180,0.3515625,N/A
FLIGHT DIRECTOR ROLL - L,S,12,3,20,0,0,DEG,+/- 180,0.3512,N/A
FLIGHT DIRECTOR PITCH - L,S,12,3,148,0,0,DEG,+/- 180,0.3512,N/A
VREF SPEED,,12,2,61,4,0,KT,0-512,0.25,N/A
V2 SPEED,,12,2,61,2,0,KT,0-512,0.25,N/A
VR SPEED,,12,2,257,4,7,KT,0-512,0.25,N/A
V1 SPEED,,12,2,61,1,0,KT,0-512,0.25,N/A
DESIRED TRACK,S,12,3,180,0,0,DEG,+/- 180,0.35156,+/-0.1
CROSS TRACK DEV,S,12,1,118,3,0,NM,-32,0.015625,-0.01
VERTICAL DEV (WIDE),S,12,1,119,3,0,FT,-16384,8,+-10.0 FT
RNP - VERTICAL,,12,1,119,1,0,FT,8192,2,
ANP - VERTICAL,,12,1,119,2,0,FT,8192,2,
ANP - LATERAL,,12,1,118,2,0,NM,0-32,0.00781,N/A
RNP - LATERAL,,12,1,118,1,0,NM,0-32,0.00781,N/A
PRES POSN LAT - MSDATA - FMC,S,12,1,375,0,0,DEG,+/-90,0.043945312,N/A
PRES POSN LAT - LSDATA - FMC,,12,1,374,0,0,DEG,0-0.70313,0.00017,N/A
PRES POSN LONG - MSDATA - FMC,S,12,1,377,0,0,DEG,+/-180,0.087890625,N/A
PRES POSN LONG - LSDATA - FMC,,12,1,376,0,0,DEG,0-0.70313,0.00017,N/A
FMC GROUNDSPEED,,12,3,492,3,0,KT,0-1024,1,+/-3 OR +/- 6
TRACK ANGLE TRUE - FMC,S,12,3,189,1,0,DEG,+/- 180,0.35156,
WIND SPEED - FMC,,12,4,243,0,0,KT,0-256,0.5,+/-2
WIND DIRECTION TRUE - FMCBNR,S,12,3,115,0,0,DEG,+/-180,0.3515625,+/-2
DRIFT ANGLE - FMC,S,12,3,178,0,0,DEG,+/-45,0.087890625, +/-2
FLIGHT PATH ANGLE,S,12,3,436,0,0,DEG,+/-180,0.3515625,+/-2
DME DISTANCE-RT,,12,3,443,0,0,NM,0-256,0.25,+/-0.1
CONT REG #2,,12,8,381,2,0,,0-32,1,N/A
CONT REG #2,,12,8,381,4,0,,0-32,1,N/A
CONT REG #1,,12,8,125,2,0,,0-32,1,N/A
CONT REG #1,,12,8,125,4,0,,0-32,1,N/A
SELECTED VBV POSITION #2,S,12,2,50,4,0,DEG,+/-180,0.17578125,N/A
SELECTED VBV POSITION #1,S,12,2,50,2,0,DEG,+/-180,0.17578125,N/A
SELECTED VSV POSITION #2,S,12,2,50,3,0,DEG,+/-180,0.17578125,N/A
SELECTED VSV POSITION #1,S,12,2,50,1,0,DEG,+/-180,0.17578125,N/A
HYD OIL PRESSURE SYS A,,12,3,52,0,0,PSI,4096,4,N/A
HYDRAULIC OIL QTY SYS A,,12,3,69,4,0,%FULL,0-128,0.125,N/A
HYDRAULIC OIL QTY SYS B,,12,3,325,4,0,%FULL,0-128,0.125,N/A
LT ENG N1 TACHOMETER,,12,3,69,1,0,%RPM,0-128,0.125,N/A
DAC FUEL MOD VALVE SEL #2,S,12,3,505,2,0,%,+/-128,0.25,N/A
DAC FUEL MOD VALVE SEL #1,S,12,3,505,1,0,%,+/-128,0.25,N/A
RT ENG N1 TACHOMETER,,12,3,325,1,0,%RPM,0-128,0.125,N/A
LT ENG N2 TACHOMETER,,12,3,69,3,0,%RPM,0-128,0.125,N/A
RT ENG N2 TACHOMETER,,12,3,325,3,0,%RPM,0-128,0.125,N/A
DAC STAGING MODE #2,,12,8,481,2,0,,0-32,1,N/A
DAC STAGING MODE #2,,12,8,481,4,0,,0-32,1,N/A
DAC STAGING MODE #1,,12,8,481,1,0,,0-32,1,N/A
DAC STAGING MODE #1,,12,8,481,3,0,,0-32,1,N/A
ENG OIL QTY #1,,11,3,256,3,0,QT,0-128,0.25,N/A
FUEL AIR RATIO STA 36 #2,,12,3,323,3,0,,0-0.125,0.00012207,N/A
FUEL AIR RATIO STA 36 #1,,12,3,323,1,0,,0-0.125,0.00012207,N/A
ENG OIL QTY #2,,11,3,512,3,0,QT,0-128,0.25,N/A
COMBUSTOR SEVERITY #2,,12,3,189,4,0,PSI^2/PP S,2048,2,N/A
COMBUSTOR SEVERITY #1,,12,3,189,3,0,PSI^2/PP S,2048,2,N/A
SELECTED P0 #2,,12,2,61,3,4,PSIA,0-32,0.015625,N/A
SELECTED P0 #1,,12,2,61,3,3,PSIA,0-32,0.015625,N/A
SELECTED TAT #2,S,12,2,61,3,6,DEG C,+/-128,0.125,N/A
SELECTED TAT #1,S,12,2,61,3,5,DEG C,+/-128,0.125,N/A
SELECTED TRA FILTERED #2,,12,3,114,0,0,DEG,0-180,0.17578125,N/A
SELECTED TRA FILTERED #2,,12,3,242,0,0,DEG,0-180,0.17578125,N/A
SELECTED TRA FILTERED #2,,12,3,370,0,0,DEG,0-180,0.17578125,N/A
SELECTED TRA FILTERED #2,,12,3,498,0,0,DEG,0-180,0.17578125,N/A
SELECTED TRA FILTERED #1,,12,3,113,0,0,DEG,0-180,0.17578125,N/A
SELECTED TRA FILTERED #1,,12,3,241,0,0,DEG,0-180,0.17578125,N/A
SELECTED TRA FILTERED #1,,12,3,369,0,0,DEG,0-180,0.17578125,N/A
SELECTED TRA FILTERED #1,,12,3,497,0,0,DEG,0-180,0.17578125,N/A
RADIO HEIGHT - DISPLAYED - MSP,,2,1,129,0,0,FT,6144-0,2048,N/A
RADIO HEIGHT - DISPLAYED - LSP,S,12,1,128,0,0,FT,+/-2048,1,N/A
CAPT DISP LOCALIZER DEV / AZIMUTH,S,12,3,120,0,0,DDM,+/-0.4,0.00078125,N/A
CAPT DISP GLIDESLOPE DEV / ELEVATION,S,12,3,121,0,0,DDM,+/-0.4,0.00078125,N/A
CALCULATED MACH NO. #2,,12,2,499,3,0,MACH,0-4.096,0.002,N/A
CALCULATED MACH NO. #1,,12,2,257,3,0,MACH,0-4.096,0.002,N/A
SELECTED PT2 #2,,12,2,61,3,2,MB,0-2048,1,N/A
SELECTED PT2 #1,,12,2,61,3,1,MB,0-2048,1,N/A
SELECTED FUEL FLOW #2,,12,3,379,0,0,PPH,0-16384,16,N/A
SELECTED FUEL FLOW #1,,12,3,123,0,0,PPH,0-16384,16,N/A
DISPL APP DIST F/O,,12,3,188,3,0,NM,256,0.25,
DISPL APP DIST CAPT,,12,3,188,1,0,NM,256,0.25,
EEC MAX T/O N1 RATING #2,,12,2,306,4,0,%RPM,0-128,0.0625,N/A
EEC MAX T/O N1 RATING #1,,12,2,306,2,0,%RPM,0-128,0.0625,N/A
EEC MAX CLIMB N1 RATING 2,,12,2,306,3,0,%RPM,0-128,0.0625,N/A
EEC MAX CLIMB N1 RATING 1,,12,2,306,1,0,%RPM,0-128,0.0625,N/A
LT MAIN FUEL QTY,,12,3,257,4,8,LBS,0-10240,10,N/A
RT MAIN FUEL QTY,,12,3,456,1,1,LBS,0-10240,10,N/A
CENTER MAIN FUEL QTY,,12,1,456,1,2,LBS,0-40960,10,N/A
AUX TANK FUEL QTY,,12,4,456,1,3,LBS,0-40960,80,N/A
SELECTED T25 (Comp) #2,S,12,2,286,3,0,DEG C,+/-256,0.25,N/A
SELECTED T25 (Comp) #1,S,12,2,286,1,0,DEG C,+/-256,0.25,N/A
SELECTED PS3 #2,,12,3,381,1,0,PSIA,0-2048,2,N/A
SELECTED PS3 #2,,12,3,381,3,0,PSIA,0-2048,2,N/A
SELECTED PS3 #1,,12,3,125,1,0,PSIA,0-2048,2,N/A
SELECTED PS3 #1,,12,3,125,3,0,PSIA,0-2048,2,N/A
SELECTED T3 #2,S,12,2,286,4,0,DEG C,+/-1024,1,N/A
SELECTED T3 #1,S,12,2,286,2,0,DEG C,+/-1024,1,N/A
CAPT DISPLAY GROUNDSPEED,,12,2,176,0,0,KT,1024,0.5,N/A
CAPT DISPLAY HEADING,S,12,3,35,0,0,DEG,+/-180,0.3515625,N/A
CAPT DISPLAY HEADING,S,12,3,163,0,0,DEG,+/-180,0.3515625,N/A
CAPT DISPLAY HEADING,S,12,3,291,0,0,DEG,+/-180,0.3515625,N/A
CAPT DISPLAY HEADING,S,12,3,419,0,0,DEG,+/-180,0.3515625,N/A
SELECTED OIL TEMP #2,,12,3,512,4,0,DEG C,0-1024,1,N/A
SELECTED OIL TEMP #1,,12,3,256,4,0,DEG C,0-1024,1,N/A
SELECTED OIL PRESS #2,,12,3,325,2,0,PSI,0-1024,1,N/A
SELECTED OIL PRESS #1,,12,3,69,2,0,PSI,0-1024,1,N/A
SELECTED FMV POSITION #1,S,12,2,118,4,0,%,+/-128,0.125,N/A
CAPT DISPLAY PITCH ATT,S,12,3,3,0,0,DEG,+/-90,0.17578125,N/A
CAPT DISPLAY PITCH ATT,S,12,3,131,0,0,DEG,+/-90,0.17578125,N/A
CAPT DISPLAY PITCH ATT,S,12,3,259,0,0,DEG,+/-90,0.17578125,N/A
CAPT DISPLAY PITCH ATT,S,12,3,387,0,0,DEG,+/-90,0.17578125,N/A
SELECTED FMV POSITION #2,S,12,2,119,4,0,%,+/-128,0.125,N/A
CAPT DISPLAY ROLL ATT,S,12,2,16,0,0,DEG,+/-180,0.17578125,N/A
CAPT DISPLAY ROLL ATT,S,12,2,144,0,0,DEG,+/-180,0.17578125,N/A
CAPT DISPLAY ROLL ATT,S,12,2,272,0,0,DEG,+/-180,0.17578125,N/A
CAPT DISPLAY ROLL ATT,S,12,2,400,0,0,DEG,+/-180,0.17578125,N/A
N1 #2 CMD INDICATED,,12,3,367,0,0,%RPM,0-128,0.125,N/A
N1 #1 CMD INDICATED,,12,3,111,0,0,%RPM,0-128,0.125,N/A
N1 REFERENCE SET #2,,12,3,323,4,0,%RPM,0-128,0.125,N/A
N1 REFERENCE SET #1,,12,3,323,2,0,%RPM,0-128,0.125,N/A
SELECTED N2 ACTUAL #2,,12,3,507,0,0,%RPM,0-128,0.125,N/A
SELECTED N2 ACTUAL #1,,12,3,251,0,0,%RPM,0-128,0.125,N/A
SELECTED EGT (T495) #2,,12,3,315,0,0,DEG C,0-1024,1,N/A
SELECTED EGT (T495) #1,,12,3,59,0,0,DEG C,0-1024,1,N/A
SELECTED N1 INDICATED #2,,12,3,366,0,0,%RPM,0-128,0.125,N/A
SELECTED N1 INDICATED #1,,12,3,110,0,0,%RPM,0-128,0.125,N/A
MDA SELECTED F/O - MSD,S,12,1,496,3,7,FT,+/-16384,8,N/A
MDA SELECTED F/O - LSD,S,12,8,496,3,5,FT,+/-8,0.5,N/A
MDA SELECTED CAPT - MSD,S,12,1,496,3,6,FT,+/-16384,8,N/A
MDA SELECTED CAPT - LSD,S,12,8,496,3,4,FT,+/-8,0.5,N/A
DH SELECTED F/O,,12,1,336,0,0,FT,0-1024,0.25,N/A
DH SELECTED CAPT,,12,1,80,0,0,FT,0-1024,0.25,N/A
T/R POSN LT SLEEVE #2,S,12,3,192,0,0,%STROK +/-128 E,,0.25,N/A
T/R POSN LT SLEEVE #1,S,12,3,190,0,0,%STROK +/-128 E,,0.25,N/A
T/R POSN RT SLEEVE #2,S,12,3,193,0,0,%STROK +/-128 E,,0.25,N/A
T/R POSN RT SLEEVE #1,S,12,3,191,0,0,%STROK +/-128 E,,0.25,N/A
HYD OIL PRESSURE SYS B,,12,3,308,0,0,PSI,4096,4,N/A
RADIO HEIGHT - DISPLAYED -  LSP,S,12,1,128,0,0,FT,+/-2048,1,N/A
ADVISORY RATE TO MAINTAIN,,12,6,94,0,0,FT/MIN,+/-6400,100,N/A
ADVISORY RATE TO MAINTAIN,,12,6,350,0,0,FT/MIN,+/-6400,100,N/A
RUD POS-LVDT DEMOD- STBY PCU,S,12,3,100,0,0,DEG,+/-5,0.009765625, N/A
RUD POS-LVDT DEMOD- STBY PCU,S,12,3,228,0,0,DEG,+/-5,0.009765625, N/A
RUD POS-LVDT DEMOD- STBY PCU,S,12,3,356,0,0,DEG,+/-5,0.009765625, N/A
RUD POS-LVDT DEMOD- STBY PCU,S,12,3,484,0,0,DEG,+/-5,0.009765625, N/A
RUD SERVO CMD-STBY PCU,S,12,3,36,0,0,DEG,+/-5,0.009765625, N/A
RUD SERVO CMD-STBY PCU,S,12,3,164,0,0,DEG,+/-5,0.009765625, N/A
RUD SERVO CMD-STBY PCU,S,12,3,292,0,0,DEG,+/-5,0.009765625, N/A
RUD SERVO CMD-STBY PCU,S,12,3,420,0,0,DEG,+/-5,0.009765625, N/A
ANGLE OF ATTACK (INDICATED) - R,S,12,3,75,0,0,DEG,+/-90,0.17578125,N/A
ANGLE OF ATTACK (INDICATED) - R,S,12,3,203,0,0,DEG,+/-90,0.17578125,N/A
ANGLE OF ATTACK (INDICATED) - R,S,12,3,331,0,0,DEG,+/-90,0.17578125,N/A
ANGLE OF ATTACK (INDICATED) - R,S,12,3,459,0,0,DEG,+/-90,0.17578125,N/A
FLAP HANDLE POSITION,S,12,3,444,0,0,DEG,+/-180,0.3515625,N/A
TE FLAP SKEW 1 POSN,S,12,2,195,1,0,DEG,+/-360,0.3515625,N/A
TE FLAP SKEW 2 POSN,S,12,2,195,3,0,DEG,+/-360,0.3515625,N/A
TE FLAP SKEW 3 POSN,S,12,2,451,1,0,DEG,+/-360,0.3515625,N/A
TE FLAP SKEW 4 POSN,S,12,2,451,3,0,DEG,+/-360,0.3515625,N/A
TE FLAP SKEW 5 POSN,S,12,2,451,4,0,DEG,+/-360,0.3515625,N/A
TE FLAP SKEW 6 POSN,S,12,2,451,2,0,DEG,+/-360,0.3515625,N/A
TE FLAP SKEW 7 POSN,S,12,2,195,4,0,DEG,+/-360,0.3515625,N/A
TE FLAP SKEW 8 POSN,S,12,2,195,2,0,DEG,+/-360,0.3515625,N/A
TE FLAP POSN-LT,S,12,2,445,0,0,DEG,+/-360,0.3515625,N/A
TE FLAP POSN-RT,S,12,2,446,0,0,DEG,+/-360,0.3515625,N/A
RADIO HEIGHT - LT LRRA - MSP,,2,1,125,0,0,FT,6144-0,2048,2 % OR 1.
RADIO HEIGHT - LT LRRA - MSP,,2,1,253,0,0,FT,6144-0,2048,2 % OR 1.
RADIO HEIGHT - LT LRRA - MSP,,2,1,381,0,0,FT,6144-0,2048,2 % OR 1.
RADIO HEIGHT - LT LRRA - MSP,,2,1,509,0,0,FT,6144-0,2048,2 % OR 1.
RADIO HEIGHT - LT LRRA - LSP,S,12,1,124,0,0,FT,+/-2048,1,2 % OR 1.
RADIO HEIGHT - LT LRRA - LSP,S,12,1,252,0,0,FT,+/-2048,1,2 % OR 1.
RADIO HEIGHT - LT LRRA - LSP,S,12,1,380,0,0,FT,+/-2048,1,2 % OR 1.
RADIO HEIGHT - LT LRRA - LSP,S,12,1,508,0,0,FT,+/-2048,1,2 % OR 1.
RADIO HEIGHT - RT LRRA - MSP,,2,1,127,0,0,FT,6144-0,2048,2 % OR 1.
RADIO HEIGHT - RT LRRA - MSP,,2,1,255,0,0,FT,6144-0,2048,2 % OR 1.
RADIO HEIGHT - RT LRRA - MSP,,2,1,383,0,0,FT,6144-0,2048,2 % OR 1.
RADIO HEIGHT - RT LRRA - MSP,,2,1,511,0,0,FT,6144-0,2048,2 % OR 1.
RADIO HEIGHT - RT LRRA - LSP,S,12,1,126,0,0,FT,+/-2048,1,2 % OR 1.
RADIO HEIGHT - RT LRRA - LSP,S,12,1,254,0,0,FT,+/-2048,1,2 % OR 1.
RADIO HEIGHT - RT LRRA - LSP,S,12,1,382,0,0,FT,+/-2048,1,2 % OR 1.
RADIO HEIGHT - RT LRRA - LSP,S,12,1,510,0,0,FT,+/-2048,1,2 % OR 1.
MACH TRIM CMD FEEDBACK,S,12,3,496,1,0,DEG,+/-5.90,0.011523437,N/A
MACH TRIM CMD,S,12,3,240,0,0,DEG,+/-5.90,0.011523437,N/A
AIL ACTUATOR POS-L,S,12,3,82,0,0,DEG,+/- 19.231,0.037560525,N/A
AIL ACTUATOR POS-L,S,12,3,210,0,0,DEG,+/- 19.231,0.037560525,N/A
AIL ACTUATOR POS-L,S,12,3,338,0,0,DEG,+/- 19.231,0.037560525,N/A
AIL ACTUATOR POS-L,S,12,3,466,0,0,DEG,+/- 19.231,0.037560525,N/A
AIL QUADRANT POS,S,12,3,22,0,0,DEG,+/- 21.3,0.041600156,N/A
AIL QUADRANT POS,S,12,3,150,0,0,DEG,+/- 21.3,0.041600156,N/A
AIL QUADRANT POS,S,12,3,278,0,0,DEG,+/- 21.3,0.041600156,N/A
AIL QUADRANT POS,S,12,3,406,0,0,DEG,+/- 21.3,0.041600156,N/A
ELEV PITCH CMD-L,S,12,3,7,0,0,DEG,+/- 32,0.0625,N/A
ELEV PITCH CMD-L,S,12,3,135,0,0,DEG,+/- 32,0.0625,N/A
ELEV PITCH CMD-L,S,12,3,263,0,0,DEG,+/- 32,0.0625,N/A
ELEV PITCH CMD-L,S,12,3,391,0,0,DEG,+/- 32,0.0625,N/A
ELEV ACTUATOR POS-L,S,12,3,5,0,0,DEG,+/- 19.231,0.037560546,N/A
ELEV ACTUATOR POS-L,S,12,3,133,0,0,DEG,+/- 19.231,0.037560546,N/A
ELEV ACTUATOR POS-L,S,12,3,261,0,0,DEG,+/- 19.231,0.037560546,N/A
ELEV ACTUATOR POS-L,S,12,3,389,0,0,DEG,+/- 19.231,0.037560546,N/A
ELEV QUADRANT POS,S,12,3,9,0,0,DEG,+/- 32,0.0625,N/A
ELEV QUADRANT POS,S,12,3,137,0,0,DEG,+/- 32,0.0625,N/A
ELEV QUADRANT POS,S,12,3,265,0,0,DEG,+/- 32,0.0625,N/A
ELEV QUADRANT POS,S,12,3,393,0,0,DEG,+/- 32,0.0625,N/A
AIL ROLL CMD-L,S,12,3,84,0,0,DEG,+/- 32,0.0625,N/A
AIL ROLL CMD-L,S,12,3,212,0,0,DEG,+/- 32,0.0625,N/A
AIL ROLL CMD-L,S,12,3,340,0,0,DEG,+/- 32,0.0625,N/A
AIL ROLL CMD-L,S,12,3,468,0,0,DEG,+/- 32,0.0625,N/A
CW FORCE (ROLL CWS),S,12,1,24,0,0,LBS,+/- 70,0.127,3.50%
CW FORCE (ROLL CWS),S,12,1,88,0,0,LBS,+/- 70,0.127,3.50%
CW FORCE (ROLL CWS),S,12,1,152,0,0,LBS,+/- 70,0.127,3.50%
CW FORCE (ROLL CWS),S,12,1,216,0,0,LBS,+/- 70,0.127,3.50%
CW FORCE (ROLL CWS),S,12,1,280,0,0,LBS,+/- 70,0.127,3.50%
CW FORCE (ROLL CWS),S,12,1,344,0,0,LBS,+/- 70,0.127,3.50%
CW FORCE (ROLL CWS),S,12,1,408,0,0,LBS,+/- 70,0.127,3.50%
CW FORCE (ROLL CWS),S,12,1,472,0,0,LBS,+/- 70,0.127,3.50%
CC FORCE (PITCH CWS FOREIGN),S,12,1,15,0,0,LBS,+/- 85,0.0625,3.50%
CC FORCE (PITCH CWS FOREIGN),S,12,1,79,0,0,LBS,+/- 85,0.0625,3.50%
CC FORCE (PITCH CWS FOREIGN),S,12,1,143,0,0,LBS,+/- 85,0.0625,3.50%
CC FORCE (PITCH CWS FOREIGN),S,12,1,207,0,0,LBS,+/- 85,0.0625,3.50%
CC FORCE (PITCH CWS FOREIGN),S,12,1,271,0,0,LBS,+/- 85,0.0625,3.50%
CC FORCE (PITCH CWS FOREIGN),S,12,1,335,0,0,LBS,+/- 85,0.0625,3.50%
CC FORCE (PITCH CWS FOREIGN),S,12,1,399,0,0,LBS,+/- 85,0.0625,3.50%
CC FORCE (PITCH CWS FOREIGN),S,12,1,463,0,0,LBS,+/- 85,0.0625,3.50%
CC FORCE (PITCH CWS LOCAL),S,12,1,14,0,0,LBS,+/- 85,0.0625,3.50%
CC FORCE (PITCH CWS LOCAL),S,12,1,78,0,0,LBS,+/- 85,0.0625,3.50%
CC FORCE (PITCH CWS LOCAL),S,12,1,142,0,0,LBS,+/- 85,0.0625,3.50%
CC FORCE (PITCH CWS LOCAL),S,12,1,206,0,0,LBS,+/- 85,0.0625,3.50%
CC FORCE (PITCH CWS LOCAL),S,12,1,270,0,0,LBS,+/- 85,0.0625,3.50%
CC FORCE (PITCH CWS LOCAL),S,12,1,334,0,0,LBS,+/- 85,0.0625,3.50%
CC FORCE (PITCH CWS LOCAL),S,12,1,398,0,0,LBS,+/- 85,0.0625,3.50%
CC FORCE (PITCH CWS LOCAL),S,12,1,462,0,0,LBS,+/- 85,0.0625,3.50%
RUD CMD - L,S,12,3,18,0,0,DEG,+/- 128,0.25,
RUD CMD - L,S,12,3,274,0,0,DEG,+/- 128,0.25,
RUD MOTOR CURRENT - L,S,12,3,127,0,0,AMPS,+/- 2.5,0.00488,
RUD MOTOR CURRENT - L    BNR,S,12,3,383,0,0,AMPS,+/- 2.5,0.00488,
RUD POS SYNCHRO (T-TUBE) BNR,S,12,3,99,0,0,DEG,+/- 61,0.11914,
RUD POS SYNCHRO (T-TUBE) BNR,S,12,3,227,0,0,DEG,+/- 61,0.11914,
RUD POS SYNCHRO (T-TUBE) BNR,S,12,3,355,0,0,DEG,+/- 61,0.11914,
RUD POS SYNCHRO (T-TUBE) BNR,S,12,3,483,0,0,DEG,+/- 61,0.11914,
AIL ACTUATOR POS-R,S,12,3,26,0,0,DEG,+/- 19.231,0.037560546,N/A
AIL ACTUATOR POS-R,S,12,3,154,0,0,DEG,+/- 19.231,0.037560546,N/A
AIL ACTUATOR POS-R,S,12,3,282,0,0,DEG,+/- 19.231,0.037560546,N/A
AIL ACTUATOR POS-R,S,12,3,410,0,0,DEG,+/- 19.231,0.037560546,N/A
ELEV PITCH CMD-R,S,12,3,71,0,0,DEG,+/- 32,0.0625,N/A
ELEV PITCH CMD-R,S,12,3,199,0,0,DEG,+/- 32,0.0625,N/A
ELEV PITCH CMD-R,S,12,3,327,0,0,DEG,+/- 32,0.0625,N/A
ELEV PITCH CMD-R,S,12,3,455,0,0,DEG,+/- 32,0.0625,N/A
ELEV ACTUATOR POS-R,S,12,3,11,0,0,DEG,+/- 19.231,0.037560546,N/A
ELEV ACTUATOR POS-R,S,12,3,139,0,0,DEG,+/- 19.231,0.037560546,N/A
ELEV ACTUATOR POS-R,S,12,3,267,0,0,DEG,+/- 19.231,0.037560546,N/A
ELEV ACTUATOR POS-R,S,12,3,395,0,0,DEG,+/- 19.231,0.037560546,N/A
AIL ROLL CMD-R,S,12,3,90,0,0,DEG,+/- 32,0.0625,N/A
AIL ROLL CMD-R,S,12,3,218,0,0,DEG,+/- 32,0.0625,N/A
AIL ROLL CMD-R,S,12,3,346,0,0,DEG,+/- 32,0.0625,N/A
AIL ROLL CMD-R,S,12,3,474,0,0,DEG,+/- 32,0.0625,N/A
RUD CMD - R,S,12,3,146,0,0,DEG,+/- 128,0.25,
RUD CMD - R,S,12,3,402,0,0,DEG,+/- 128,0.25,
RUD MOTOR CURRENT - R,S,12,3,255,0,0,AMPS,+/- 2.5,0.00488,
RUD MOTOR CURRENT - R,S,12,3,511,0,0,AMPS,+/- 2.5,0.00488,
DME DISTANCE-LT,,12,3,187,0,0,NM,256,0.25,+/-0.1
PRES POSN LAT - MSDATA,S,12,1,183,0,0,DEG,+/-90,0.043945312,N/A
PRES POSN LAT - MSDATA,S,12,1,439,0,0,DEG,+/-90,0.043945312,N/A
PRES POSN LAT - LSDATA,,12,1,182,0,0,DEG,0-0.70313,0.00017,N/A
PRES POSN LAT - LSDATA,,12,1,438,0,0,DEG,0-0.70313,0.00017,N/A
PRES POSN LONG - MSDATA  BNR,S,12,1,185,0,0,DEG,+/-180,0.087890625,N/A
PRES POSN LONG - MSDATA  BNR,S,12,1,441,0,0,DEG,+/-180,0.087890625,N/A
PRES POSN LONG - LSDATA,,12,1,184,0,0,DEG,0-0.70313,0.00017,N/A
PRES POSN LONG - LSDATA,,12,1,440,0,0,DEG,0-0.70313,0.00017,N/A
GROUNDSPEED,,12,2,49,0,0,KT,0-1024,0.5,SEE IRU SCD
GROUNDSPEED,,12,2,177,0,0,KT,0-1024,0.5,SEE IRU SCD
GROUNDSPEED,,12,2,305,0,0,KT,0-1024,0.5,SEE IRU SCD
GROUNDSPEED,,12,2,433,0,0,KT,0-1024,0.5,SEE IRU SCD
TRACK ANGLE TRUE - IRU,S,12,3,464,0,0,DEG,+/- 180,0.35156,
WIND SPEED,,12,4,244,0,0,KT,0-256,0.5,N/A
WIND SPEED,,12,4,500,0,0,KT,0-256,0.5,N/A
WIND DIRECTION TRUE,S,12,3,116,0,0,DEG,+/-180,0.3515625,N/A
WIND DIRECTION TRUE,S,12,3,372,0,0,DEG,+/-180,0.3515625,N/A
DRIFT ANGLE,S,12,3,51,0,0,DEG,+/-45,0.087890625,N/A
DRIFT ANGLE,S,12,3,179,0,0,DEG,+/-45,0.087890625,N/A
DRIFT ANGLE,S,12,3,307,0,0,DEG,+/-45,0.087890625,N/A
DRIFT ANGLE,S,12,3,435,0,0,DEG,+/-45,0.087890625,N/A
BODY PITCH RATE,S,12,1,41,0,0,DEG/SEC,+/-128,0.0625,SEE IR SCD
BODY PITCH RATE,S,12,1,105,0,0,DEG/SEC,+/-128,0.0625,SEE IR SCD
BODY PITCH RATE,S,12,1,169,0,0,DEG/SEC,+/-128,0.0625,SEE IR SCD
BODY PITCH RATE,S,12,1,233,0,0,DEG/SEC,+/-128,0.0625,SEE IR SCD
BODY PITCH RATE,S,12,1,297,0,0,DEG/SEC,+/-128,0.0625,SEE IR SCD
BODY PITCH RATE,S,12,1,361,0,0,DEG/SEC,+/-128,0.0625,SEE IR SCD
BODY PITCH RATE,S,12,1,425,0,0,DEG/SEC,+/-128,0.0625,SEE IR SCD
BODY PITCH RATE,S,12,1,489,0,0,DEG/SEC,+/-128,0.0625,SEE IR SCD
BODY ROLL RATE,S,12,1,42,0,0,DEG/SEC,+/-128,0.0625,SEE IR SCD
BODY ROLL RATE,S,12,1,106,0,0,DEG/SEC,+/-128,0.0625,SEE IR SCD
BODY ROLL RATE,S,12,1,170,0,0,DEG/SEC,+/-128,0.0625,SEE IR SCD
BODY ROLL RATE,S,12,1,234,0,0,DEG/SEC,+/-128,0.0625,SEE IR SCD
BODY ROLL RATE,S,12,1,298,0,0,DEG/SEC,+/-128,0.0625,SEE IR SCD
BODY ROLL RATE,S,12,1,362,0,0,DEG/SEC,+/-128,0.0625,SEE IR SCD
BODY ROLL RATE,S,12,1,426,0,0,DEG/SEC,+/-128,0.0625,SEE IR SCD
BODY ROLL RATE,S,12,1,490,0,0,DEG/SEC,+/-128,0.0625,SEE IR SCD
BODY YAW RATE,S,12,1,38,0,0,DEG/SEC,+/-128,0.0625,SEE IR SCD
BODY YAW RATE,S,12,1,102,0,0,DEG/SEC,+/-128,0.0625,SEE IR SCD
BODY YAW RATE,S,12,1,166,0,0,DEG/SEC,+/-128,0.0625,SEE IR SCD
BODY YAW RATE,S,12,1,230,0,0,DEG/SEC,+/-128,0.0625,SEE IR SCD
BODY YAW RATE,S,12,1,294,0,0,DEG/SEC,+/-128,0.0625,SEE IR SCD
BODY YAW RATE,S,12,1,358,0,0,DEG/SEC,+/-128,0.0625,SEE IR SCD
BODY YAW RATE,S,12,1,422,0,0,DEG/SEC,+/-128,0.0625,SEE IR SCD
BODY YAW RATE,S,12,1,486,0,0,DEG/SEC,+/-128,0.0625,SEE IR SCD
INERTIAL VERT SPD,S,12,1,33,0,0,FT/MIN,+/- 32768,16,
INERTIAL VERT SPD,S,12,1,161,0,0,FT/MIN,+/- 32768,16,
INERTIAL VERT SPD,S,12,1,289,0,0,FT/MIN,+/- 32768,16,
INERTIAL VERT SPD,S,12,1,417,0,0,FT/MIN,+/- 32768,16,
APU N1,,12,5,317,1,0,%RPM,0-128,0.5,N/A
APU OIL TEMP,S,12,3,317,3,0,DEG C,+/-512,1,N/A
APU EGT (T5),S,12,2,317,2,0,DEG C,+/-2048,2,N/A
APU FUEL FLOW,,12,4,317,4,0,LB/HR,0-512,1,N/A
FLIGHT PATH X POSITION,S,12,1,30,1,0,DU,+/-512,0.25,N/A
FLIGHT PATH Y POSITION,S,12,1,30,2,0,DU,+/-512,0.25,N/A
GUIDANCE CUE X POSITION,S,12,1,30,3,0,DU,+/-512,0.25,N/A
GUIDANCE CUE Y POSITION,S,12,1,30,4,0,DU,+/-512,0.25,N/A
VERTICAL ACCELERATION,S,12,1,2,0,0,G's,+6 to -3,0.00228938,+/-1.0%
VERTICAL ACCELERATION,S,12,1,34,0,0,G's,+6 to -3,0.00228938,+/-1.0%
VERTICAL ACCELERATION,S,12,1,66,0,0,G's,+6 to -3,0.00228938,+/-1.0%
VERTICAL ACCELERATION,S,12,1,98,0,0,G's,+6 to -3,0.00228938,+/-1.0%
VERTICAL ACCELERATION,S,12,1,130,0,0,G's,+6 to -3,0.00228938,+/-1.0%
VERTICAL ACCELERATION,S,12,1,162,0,0,G's,+6 to -3,0.00228938,+/-1.0%
VERTICAL ACCELERATION,S,12,1,194,0,0,G's,+6 to -3,0.00228938,+/-1.0%
VERTICAL ACCELERATION,S,12,1,226,0,0,G's,+6 to -3,0.00228938,+/-1.0%
VERTICAL ACCELERATION,S,12,1,258,0,0,G's,+6 to -3,0.00228938,+/-1.0%
VERTICAL ACCELERATION,S,12,1,290,0,0,G's,+6 to -3,0.00228938,+/-1.0%
VERTICAL ACCELERATION,S,12,1,322,0,0,G's,+6 to -3,0.00228938,+/-1.0%
VERTICAL ACCELERATION,S,12,1,354,0,0,G's,+6 to -3,0.00228938,+/-1.0%
VERTICAL ACCELERATION,S,12,1,386,0,0,G's,+6 to -3,0.00228938,+/-1.0%
VERTICAL ACCELERATION,S,12,1,418,0,0,G's,+6 to -3,0.00228938,+/-1.0%
VERTICAL ACCELERATION,S,12,1,450,0,0,G's,+6 to -3,0.00228938,+/-1.0%
VERTICAL ACCELERATION,S,12,1,482,0,0,G's,+6 to -3,0.00228938,+/-1.0%
PITCH TRIM POSITION,S,12,1,8,0,0,DEG,+4 TO -13,0.03117,+/-30 MIN
PITCH TRIM POSITION,S,12,1,136,0,0,DEG,+4 TO -13,0.03117,+/-30 MIN
PITCH TRIM POSITION,S,12,1,264,0,0,DEG,+4 TO -13,0.03117,+/-30 MIN
PITCH TRIM POSITION,S,12,1,392,0,0,DEG,+4 TO -13,0.03117,+/-30 MIN
LATERAL ACCELERATION,S,12,3,21,0,0,G's,+/-1,0.00203649,+/-1.0%
LATERAL ACCELERATION,S,12,3,53,0,0,G's,+/-1,0.00203649,+/-1.0%
LATERAL ACCELERATION,S,12,3,85,0,0,G's,+/-1,0.00203649,+/-1.0%
LATERAL ACCELERATION,S,12,3,117,0,0,G's,+/-1,0.00203649,+/-1.0%
LATERAL ACCELERATION,S,12,3,149,0,0,G's,+/-1,0.00203649,+/-1.0%
LATERAL ACCELERATION,S,12,3,181,0,0,G's,+/-1,0.00203649,+/-1.0%
LATERAL ACCELERATION,S,12,3,213,0,0,G's,+/-1,0.00203649,+/-1.0%
LATERAL ACCELERATION,S,12,3,245,0,0,G's,+/-1,0.00203649,+/-1.0%
LATERAL ACCELERATION,S,12,3,277,0,0,G's,+/-1,0.00203649,+/-1.0%
LATERAL ACCELERATION,S,12,3,309,0,0,G's,+/-1,0.00203649,+/-1.0%
LATERAL ACCELERATION,S,12,3,341,0,0,G's,+/-1,0.00203649,+/-1.0%
LATERAL ACCELERATION,S,12,3,373,0,0,G's,+/-1,0.00203649,+/-1.0%
LATERAL ACCELERATION,S,12,3,405,0,0,G's,+/-1,0.00203649,+/-1.0%
LATERAL ACCELERATION,S,12,3,437,0,0,G's,+/-1,0.00203649,+/-1.0%
LATERAL ACCELERATION,S,12,3,469,0,0,G's,+/-1,0.00203649,+/-1.0%
LATERAL ACCELERATION,S,12,3,501,0,0,G's,+/-1,0.00203649,+/-1.0%
CONTROL COL POSN - CAPT,S,12,2,6,0,0,DEG,14.75 TO -13.75,0.02202473,+/- 20 MIN
CONTROL COL POSN - CAPT,S,12,2,70,0,0,DEG,14.75 TO -13.75,0.02202473,+/- 20 MIN
CONTROL COL POSN - CAPT,S,12,2,134,0,0,DEG,14.75 TO -13.75,0.02202473,+/- 20 MIN
CONTROL COL POSN - CAPT,S,12,2,198,0,0,DEG,14.75 TO -13.75,0.02202473,+/- 20 MIN
CONTROL COL POSN - CAPT,S,12,2,262,0,0,DEG,14.75 TO -13.75,0.02202473,+/- 20 MIN
CONTROL COL POSN - CAPT,S,12,2,326,0,0,DEG,14.75 TO -13.75,0.02202473,+/- 20 MIN
CONTROL COL POSN - CAPT,S,12,2,390,0,0,DEG,14.75 TO -13.75,0.02202473,+/- 20 MIN
CONTROL COL POSN - CAPT,S,12,2,454,0,0,DEG,14.75 TO -13.75,0.02202473,+/- 20 MIN
CONTROL WHEEL POSN - CAPT,S,12,3,19,0,0,DEG,-107.5 to 107.5,0.3515625,+/- 20 MIN
CONTROL WHEEL POSN - CAPT,S,12,3,83,0,0,DEG,-107.5 to 107.5,0.3515625,+/- 20 MIN
CONTROL WHEEL POSN - CAPT,S,12,3,147,0,0,DEG,-107.5 to 107.5,0.3515625,+/- 20 MIN
CONTROL WHEEL POSN - CAPT,S,12,3,211,0,0,DEG,-107.5 to 107.5,0.3515625,+/- 20 MIN
CONTROL WHEEL POSN - CAPT,S,12,3,275,0,0,DEG,-107.5 to 107.5,0.3515625,+/- 20 MIN
CONTROL WHEEL POSN - CAPT,S,12,3,339,0,0,DEG,-107.5 to 107.5,0.3515625,+/- 20 MIN
CONTROL WHEEL POSN - CAPT,S,12,3,403,0,0,DEG,-107.5 to 107.5,0.3515625,+/- 20 MIN
CONTROL WHEEL POSN - CAPT,S,12,3,467,0,0,DEG,-107.5 to 107.5,0.3515625,+/- 20 MIN
RUD PEDAL POS,S,12,2,39,0,0,DEG,+/-15,0.02843471,+/-30 MIN
RUD PEDAL POS,S,12,2,103,0,0,DEG,+/-15,0.02843471,+/-30 MIN
RUD PEDAL POS,S,12,2,167,0,0,DEG,+/-15,0.02843471,+/-30 MIN
RUD PEDAL POS,S,12,2,231,0,0,DEG,+/-15,0.02843471,+/-30 MIN
RUD PEDAL POS,S,12,2,295,0,0,DEG,+/-15,0.02843471,+/-30 MIN
RUD PEDAL POS,S,12,2,359,0,0,DEG,+/-15,0.02843471,+/-30 MIN
RUD PEDAL POS,S,12,2,423,0,0,DEG,+/-15,0.02843471,+/-30 MIN
RUD PEDAL POS,S,12,2,487,0,0,DEG,+/-15,0.02843471,+/-30 MIN
ELEV POS-L,S,12,1,4,0,0,DEG,-18.5 TO 24.5,0.049834123,+/-30 MIN
ELEV POS-L,S,12,1,68,0,0,DEG,-18.5 TO 24.5,0.049834123,+/-30 MIN
ELEV POS-L,S,12,1,132,0,0,DEG,-18.5 TO 24.5,0.049834123,+/-30 MIN
ELEV POS-L,S,12,1,196,0,0,DEG,-18.5 TO 24.5,0.049834123,+/-30 MIN
ELEV POS-L,S,12,1,260,0,0,DEG,-18.5 TO 24.5,0.049834123,+/-30 MIN
ELEV POS-L,S,12,1,324,0,0,DEG,-18.5 TO 24.5,0.049834123,+/-30 MIN
ELEV POS-L,S,12,1,388,0,0,DEG,-18.5 TO 24.5,0.049834123,+/-30 MIN
ELEV POS-L,S,12,1,452,0,0,DEG,-18.5 TO 24.5,0.049834123,+/-30 MIN
ELEV POS-R,S,12,1,10,0,0,DEG,-18.5 to 24.5,0.049834123,+/-30 MIN
ELEV POS-R,S,12,1,74,0,0,DEG,-18.5 to 24.5,0.049834123,+/-30 MIN
ELEV POS-R,S,12,1,138,0,0,DEG,-18.5 to 24.5,0.049834123,+/-30 MIN
ELEV POS-R,S,12,1,202,0,0,DEG,-18.5 to 24.5,0.049834123,+/-30 MIN
ELEV POS-R,S,12,1,266,0,0,DEG,-18.5 to 24.5,0.049834123,+/-30 MIN
ELEV POS-R,S,12,1,330,0,0,DEG,-18.5 to 24.5,0.049834123,+/-30 MIN
ELEV POS-R,S,12,1,394,0,0,DEG,-18.5 to 24.5,0.049834123,+/-30 MIN
ELEV POS-R,S,12,1,458,0,0,DEG,-18.5 to 24.5,0.049834123,+/-30 MIN
AIL POS-L,S,12,1,17,0,0,DEG,-16 TO 21,0.05841792,+/-30 MIN
AIL POS-L,S,12,1,81,0,0,DEG,-16 TO 21,0.05841792,+/-30 MIN
AIL POS-L,S,12,1,145,0,0,DEG,-16 TO 21,0.05841792,+/-30 MIN
AIL POS-L,S,12,1,209,0,0,DEG,-16 TO 21,0.05841792,+/-30 MIN
AIL POS-L,S,12,1,273,0,0,DEG,-16 TO 21,0.05841792,+/-30 MIN
AIL POS-L,S,12,1,337,0,0,DEG,-16 TO 21,0.05841792,+/-30 MIN
AIL POS-L,S,12,1,401,0,0,DEG,-16 TO 21,0.05841792,+/-30 MIN
AIL POS-L,S,12,1,465,0,0,DEG,-16 TO 21,0.05841792,+/-30 MIN
AIL POS-R,S,12,1,23,0,0,DEG,-16 TO 21,0.05841792,+/-30 MIN
AIL POS-R,S,12,1,87,0,0,DEG,-16 TO 21,0.05841792,+/-30 MIN
AIL POS-R,S,12,1,151,0,0,DEG,-16 TO 21,0.05841792,+/-30 MIN
AIL POS-R,S,12,1,215,0,0,DEG,-16 TO 21,0.05841792,+/-30 MIN
AIL POS-R,S,12,1,279,0,0,DEG,-16 TO 21,0.05841792,+/-30 MIN
AIL POS-R,S,12,1,343,0,0,DEG,-16 TO 21,0.05841792,+/-30 MIN
AIL POS-R,S,12,1,407,0,0,DEG,-16 TO 21,0.05841792,+/-30 MIN
AIL POS-R,S,12,1,471,0,0,DEG,-16 TO 21,0.05841792,+/-30 MIN
LONGITUDINAL ACCELERATION,S,12,3,13,0,0,G's,+/-1,0.00203649,+/-1.0%
LONGITUDINAL ACCELERATION,S,12,3,45,0,0,G's,+/-1,0.00203649,+/-1.0%
LONGITUDINAL ACCELERATION,S,12,3,77,0,0,G's,+/-1,0.00203649,+/-1.0%
LONGITUDINAL ACCELERATION,S,12,3,109,0,0,G's,+/-1,0.00203649,+/-1.0%
LONGITUDINAL ACCELERATION,S,12,3,141,0,0,G's,+/-1,0.00203649,+/-1.0%
LONGITUDINAL ACCELERATION,S,12,3,173,0,0,G's,+/-1,0.00203649,+/-1.0%
LONGITUDINAL ACCELERATION,S,12,3,205,0,0,G's,+/-1,0.00203649,+/-1.0%
LONGITUDINAL ACCELERATION,S,12,3,237,0,0,G's,+/-1,0.00203649,+/-1.0%
LONGITUDINAL ACCELERATION,S,12,3,269,0,0,G's,+/-1,0.00203649,+/-1.0%
LONGITUDINAL ACCELERATION,S,12,3,301,0,0,G's,+/-1,0.00203649,+/-1.0%
LONGITUDINAL ACCELERATION,S,12,3,333,0,0,G's,+/-1,0.00203649,+/-1.0%
LONGITUDINAL ACCELERATION,S,12,3,365,0,0,G's,+/-1,0.00203649,+/-1.0%
LONGITUDINAL ACCELERATION,S,12,3,397,0,0,G's,+/-1,0.00203649,+/-1.0%
LONGITUDINAL ACCELERATION,S,12,3,429,0,0,G's,+/-1,0.00203649,+/-1.0%
LONGITUDINAL ACCELERATION,S,12,3,461,0,0,G's,+/-1,0.00203649,+/-1.0%
LONGITUDINAL ACCELERATION,S,12,3,493,0,0,G's,+/-1,0.00203649,+/-1.0%
CONTROL WHEEL POSN - F/O,S,12,3,25,0,0,DEG,-107.5 TO 107.5,0.3515625,+/- 20 MIN
CONTROL WHEEL POSN - F/O,S,12,3,89,0,0,DEG,-107.5 TO 107.5,0.3515625,+/- 20 MIN
CONTROL WHEEL POSN - F/O,S,12,3,153,0,0,DEG,-107.5 TO 107.5,0.3515625,+/- 20 MIN
CONTROL WHEEL POSN - F/O,S,12,3,217,0,0,DEG,-107.5 TO 107.5,0.3515625,+/- 20 MIN
CONTROL WHEEL POSN - F/O,S,12,3,281,0,0,DEG,-107.5 TO 107.5,0.3515625,+/- 20 MIN
CONTROL WHEEL POSN - F/O,S,12,3,345,0,0,DEG,-107.5 TO 107.5,0.3515625,+/- 20 MIN
CONTROL WHEEL POSN - F/O,S,12,3,409,0,0,DEG,-107.5 TO 107.5,0.3515625,+/- 20 MIN
CONTROL WHEEL POSN - F/O,S,12,3,473,0,0,DEG,-107.5 TO 107.5,0.3515625,+/- 20 MIN
SPD BRAKE HANDLE POSN,S,12,1,72,0,0,DEG,-3 TO 51,0.098000986,+/-30 MIN
SPD BRAKE HANDLE POSN,S,12,1,328,0,0,DEG,-3 TO 51,0.098000986,+/-30 MIN
CONTROL COL POSN - F/O,S,12,2,12,0,0,DEG,14.75 TO -13.75,0.02202473,+/- 20 MIN
CONTROL COL POSN - F/O,S,12,2,76,0,0,DEG,14.75 TO -13.75,0.02202473,+/- 20 MIN
CONTROL COL POSN - F/O,S,12,2,140,0,0,DEG,14.75 TO -13.75,0.02202473,+/- 20 MIN
CONTROL COL POSN - F/O,S,12,2,204,0,0,DEG,14.75 TO -13.75,0.02202473,+/- 20 MIN
CONTROL COL POSN - F/O,S,12,2,268,0,0,DEG,14.75 TO -13.75,0.02202473,+/- 20 MIN
CONTROL COL POSN - F/O,S,12,2,332,0,0,DEG,14.75 TO -13.75,0.02202473,+/- 20 MIN
CONTROL COL POSN - F/O,S,12,2,396,0,0,DEG,14.75 TO -13.75,0.02202473,+/- 20 MIN
CONTROL COL POSN - F/O,S,12,2,460,0,0,DEG,14.75 TO -13.75,0.02202473,+/- 20 MIN
SPOILER POSITION NO. 3,,12,1,27,0,0,DEG,0 to 33,0.06875084,+/-30 MIN
SPOILER POSITION NO. 3,,12,1,91,0,0,DEG,0 to 33,0.06875084,+/-30 MIN
SPOILER POSITION NO. 3,,12,1,155,0,0,DEG,0 to 33,0.06875084,+/-30 MIN
SPOILER POSITION NO. 3,,12,1,219,0,0,DEG,0 to 33,0.06875084,+/-30 MIN
SPOILER POSITION NO. 3,,12,1,283,0,0,DEG,0 to 33,0.06875084,+/-30 MIN
SPOILER POSITION NO. 3,,12,1,347,0,0,DEG,0 to 33,0.06875084,+/-30 MIN
SPOILER POSITION NO. 3,,12,1,411,0,0,DEG,0 to 33,0.06875084,+/-30 MIN
SPOILER POSITION NO. 3,,12,1,475,0,0,DEG,0 to 33,0.06875084,+/-30 MIN
SPOILER POSITION NO. 10,S,12,1,32,0,0,DEG,0 TO -33,0.06875084,+/-30 MIN
SPOILER POSITION NO. 10,S,12,1,96,0,0,DEG,0 TO -33,0.06875084,+/-30 MIN
SPOILER POSITION NO. 10,S,12,1,160,0,0,DEG,0 TO -33,0.06875084,+/-30 MIN
SPOILER POSITION NO. 10,S,12,1,224,0,0,DEG,0 TO -33,0.06875084,+/-30 MIN
SPOILER POSITION NO. 10,S,12,1,288,0,0,DEG,0 TO -33,0.06875084,+/-30 MIN
SPOILER POSITION NO. 10,S,12,1,352,0,0,DEG,0 TO -33,0.06875084,+/-30 MIN
SPOILER POSITION NO. 10,S,12,1,416,0,0,DEG,0 TO -33,0.06875084,+/-30 MIN
SPOILER POSITION NO. 10,S,12,1,480,0,0,DEG,0 TO -33,0.06875084,+/-30 MIN
RUD POS,S,12,1,37,0,0,DEG,+/-29,0.06519,+/-25MIN
RUD POS,S,12,1,101,0,0,DEG,+/-29,0.06519,+/-25MIN
RUD POS,S,12,1,165,0,0,DEG,+/-29,0.06519,+/-25MIN
RUD POS,S,12,1,229,0,0,DEG,+/-29,0.06519,+/-25MIN
RUD POS,S,12,1,293,0,0,DEG,+/-29,0.06519,+/-25MIN
RUD POS,S,12,1,357,0,0,DEG,+/-29,0.06519,+/-25MIN
RUD POS,S,12,1,421,0,0,DEG,+/-29,0.06519,+/-25MIN
RUD POS,S,12,1,485,0,0,DEG,+/-29,0.06519,+/-25MIN
BRAKE PRESS ALT-LT,S,12,3,122,0,0,PSI,3300 TO -165,3.387096774,+/-1.25%
BRAKE PRESS ALT-LT,S,12,3,378,0,0,PSI,3300 TO -165,3.387096774,+/-1.25%
BRAKE PRESS ALT-RT,S,12,3,250,0,0,PSI,3300 TO -165,3.387096774,+/-1.25%
BRAKE PRESS ALT-RT,S,12,3,506,0,0,PSI,3300 TO -165,3.387096774,+/-1.25%
BRAKE PRESS MAIN-LT,S,12,3,58,0,0,PSI,3300 TO -165,3.387096774,+/-1.25%
BRAKE PRESS MAIN-LT,S,12,3,314,0,0,PSI,3300 TO -165,3.387096774,+/-1.25%
BRAKE PRESS MAIN-RT,S,12,3,186,0,0,PSI,3300 TO -165,3.387096774,+/-1.25%
BRAKE PRESS MAIN-RT,S,12,3,442,0,0,PSI,3300 TO -165,3.387096774,+/-1.25%
STBY HYD OIL PRESSURE,S,12,2,200,0,0,PSI,(-8185)-32589,19.9095,+/-1.84% Vratio
RUD PEDAL FORCE,S,12,1,40,0,0,LBS,+/- 165,0.5952,+/- 3.5%
RUD PEDAL FORCE,S,12,1,104,0,0,LBS,+/- 165,0.5952,+/- 3.5%
RUD PEDAL FORCE,S,12,1,168,0,0,LBS,+/- 165,0.5952,+/- 3.5%
RUD PEDAL FORCE,S,12,1,232,0,0,LBS,+/- 165,0.5952,+/- 3.5%
RUD PEDAL FORCE,S,12,1,296,0,0,LBS,+/- 165,0.5952,+/- 3.5%
RUD PEDAL FORCE,S,12,1,360,0,0,LBS,+/- 165,0.5952,+/- 3.5%
RUD PEDAL FORCE,S,12,1,424,0,0,LBS,+/- 165,0.5952,+/- 3.5%
RUD PEDAL FORCE,S,12,1,488,0,0,LBS,+/- 165,0.5952,+/- 3.5%
RESERVED ACVR #2,,12,1,456,2,0,,0,0,
